timestamp,attack_type,confidence,status,packet_count,event_count
2026-04-05 10:25:59,DDoS Flood,96.0,ALERT,728791981,1
2026-04-05 10:37:27,Unknown Exploit,96.0,ALERT,7899888,1
2026-04-05 10:37:52,BENIGN (Safe),92.0,NORMAL,6,2
2026-04-05 10:38:53,BENIGN (Safe),96.0,NORMAL,66,1
2026-04-05 10:38:53,BENIGN (Safe),96.0,NORMAL,132,2
2026-04-05 10:38:54,BENIGN (Safe),96.0,NORMAL,198,3
2026-04-05 10:38:54,BENIGN (Safe),96.0,NORMAL,264,4
2026-04-05 10:38:55,BENIGN (Safe),96.0,NORMAL,319,5
2026-04-05 10:38:55,BENIGN (Safe),94.0,NORMAL,385,6
2026-04-05 10:38:55,BENIGN (Safe),96.0,NORMAL,451,7
2026-04-05 10:38:55,BENIGN (Safe),96.0,NORMAL,517,8
2026-04-05 10:38:56,BENIGN (Safe),96.0,NORMAL,689,9
2026-04-05 10:38:56,BENIGN (Safe),96.0,NORMAL,782,10
2026-04-05 10:38:56,BENIGN (Safe),96.0,NORMAL,2276,11
2026-04-05 10:38:56,BENIGN (Safe),96.0,NORMAL,3770,12
2026-04-05 10:38:56,BENIGN (Safe),96.0,NORMAL,5264,13
2026-04-05 10:38:56,BENIGN (Safe),96.0,NORMAL,6758,14
2026-04-05 10:38:56,BENIGN (Safe),96.0,NORMAL,8252,15
2026-04-05 10:38:56,BENIGN (Safe),96.0,NORMAL,9746,16
2026-04-05 10:38:56,BENIGN (Safe),96.0,NORMAL,9938,17
2026-04-05 10:38:56,BENIGN (Safe),96.0,NORMAL,10004,18
2026-04-05 10:38:57,BENIGN (Safe),96.0,NORMAL,10070,19
2026-04-05 10:38:57,BENIGN (Safe),96.0,NORMAL,10130,20
2026-04-05 10:38:57,BENIGN (Safe),96.0,NORMAL,10190,21
2026-04-05 10:38:57,BENIGN (Safe),96.0,NORMAL,10250,22
2026-04-05 10:38:57,BENIGN (Safe),96.0,NORMAL,10343,23
2026-04-05 10:38:57,BENIGN (Safe),96.0,NORMAL,10397,24
2026-04-05 10:38:57,BENIGN (Safe),96.0,NORMAL,10550,25
2026-04-05 10:38:57,BENIGN (Safe),96.0,NORMAL,10639,26
2026-04-05 10:38:57,BENIGN (Safe),96.0,NORMAL,10699,27
2026-04-05 10:38:58,BENIGN (Safe),96.0,NORMAL,10753,28
2026-04-05 10:38:58,BENIGN (Safe),96.0,NORMAL,10807,29
2026-04-05 10:38:58,BENIGN (Safe),96.0,NORMAL,10873,30
2026-04-05 10:38:58,BENIGN (Safe),96.0,NORMAL,10933,31
2026-04-05 10:38:58,BENIGN (Safe),96.0,NORMAL,10987,32
2026-04-05 10:38:58,BENIGN (Safe),96.0,NORMAL,11053,33
2026-04-05 10:38:58,BENIGN (Safe),92.0,NORMAL,11113,34
2026-04-05 10:38:58,BENIGN (Safe),96.0,NORMAL,11179,35
2026-04-05 10:38:59,BENIGN (Safe),96.0,NORMAL,11233,36
2026-04-05 10:38:59,BENIGN (Safe),96.0,NORMAL,12727,37
2026-04-05 10:38:59,BENIGN (Safe),96.0,NORMAL,13242,38
2026-04-05 10:38:59,BENIGN (Safe),96.0,NORMAL,13308,39
2026-04-05 10:38:59,BENIGN (Safe),96.0,NORMAL,13362,40
2026-04-05 10:38:59,BENIGN (Safe),96.0,NORMAL,14856,41
2026-04-05 10:38:59,BENIGN (Safe),96.0,NORMAL,15371,42
2026-04-05 10:38:59,BENIGN (Safe),96.0,NORMAL,15431,43
2026-04-05 10:38:59,BENIGN (Safe),96.0,NORMAL,15584,44
2026-04-05 10:38:59,BENIGN (Safe),96.0,NORMAL,16385,45
2026-04-05 10:39:00,BENIGN (Safe),96.0,NORMAL,16445,46
2026-04-05 10:39:00,BENIGN (Safe),96.0,NORMAL,16598,47
2026-04-05 10:39:00,BENIGN (Safe),96.0,NORMAL,17399,48
2026-04-05 10:39:00,BENIGN (Safe),96.0,NORMAL,17454,49
2026-04-05 10:39:00,BENIGN (Safe),96.0,NORMAL,18255,50
2026-04-05 10:39:00,BENIGN (Safe),96.0,NORMAL,18321,51
2026-04-05 10:39:00,BENIGN (Safe),96.0,NORMAL,18387,52
2026-04-05 10:39:00,BENIGN (Safe),94.0,NORMAL,18453,53
2026-04-05 10:39:00,BENIGN (Safe),96.0,NORMAL,19967,54
2026-04-05 10:39:00,BENIGN (Safe),96.0,NORMAL,20021,55
2026-04-05 10:39:00,BENIGN (Safe),96.0,NORMAL,21535,56
2026-04-05 10:39:01,BENIGN (Safe),96.0,NORMAL,22336,57
2026-04-05 10:39:01,BENIGN (Safe),96.0,NORMAL,22390,58
2026-04-05 10:39:01,BENIGN (Safe),96.0,NORMAL,23904,59
2026-04-05 10:39:01,BENIGN (Safe),96.0,NORMAL,25418,60
2026-04-05 10:39:01,BENIGN (Safe),96.0,NORMAL,25890,61
2026-04-05 10:39:01,BENIGN (Safe),96.0,NORMAL,27404,62
2026-04-05 10:39:01,BENIGN (Safe),96.0,NORMAL,28918,63
2026-04-05 10:39:01,BENIGN (Safe),96.0,NORMAL,30432,64
2026-04-05 10:39:01,BENIGN (Safe),96.0,NORMAL,31946,65
2026-04-05 10:39:01,BENIGN (Safe),96.0,NORMAL,32418,66
2026-04-05 10:39:02,BENIGN (Safe),96.0,NORMAL,32484,67
2026-04-05 10:39:02,BENIGN (Safe),96.0,NORMAL,33998,68
2026-04-05 10:39:02,BENIGN (Safe),96.0,NORMAL,34052,69
2026-04-05 10:39:02,BENIGN (Safe),96.0,NORMAL,34106,70
2026-04-05 10:39:02,BENIGN (Safe),96.0,NORMAL,34172,71
2026-04-05 10:39:02,BENIGN (Safe),96.0,NORMAL,34300,72
2026-04-05 10:39:02,BENIGN (Safe),96.0,NORMAL,34428,73
2026-04-05 10:39:02,BENIGN (Safe),96.0,NORMAL,34482,74
2026-04-05 10:39:02,BENIGN (Safe),96.0,NORMAL,34628,75
2026-04-05 10:39:02,BENIGN (Safe),96.0,NORMAL,35174,76
2026-04-05 10:39:03,BENIGN (Safe),96.0,NORMAL,35341,77
2026-04-05 10:39:03,BENIGN (Safe),96.0,NORMAL,36835,78
2026-04-05 10:39:03,BENIGN (Safe),96.0,NORMAL,38329,79
2026-04-05 10:39:03,BENIGN (Safe),96.0,NORMAL,39823,80
2026-04-05 10:39:03,BENIGN (Safe),96.0,NORMAL,41317,81
2026-04-05 10:39:03,BENIGN (Safe),96.0,NORMAL,42811,82
2026-04-05 10:39:03,BENIGN (Safe),96.0,NORMAL,44305,83
2026-04-05 10:39:03,BENIGN (Safe),96.0,NORMAL,45799,84
2026-04-05 10:39:03,BENIGN (Safe),96.0,NORMAL,47293,85
2026-04-05 10:39:03,BENIGN (Safe),96.0,NORMAL,48787,86
2026-04-05 10:39:03,BENIGN (Safe),96.0,NORMAL,50281,87
2026-04-05 10:39:04,BENIGN (Safe),96.0,NORMAL,51775,88
2026-04-05 10:39:04,BENIGN (Safe),96.0,NORMAL,51841,89
2026-04-05 10:39:04,BENIGN (Safe),96.0,NORMAL,51907,90
2026-04-05 10:39:04,BENIGN (Safe),96.0,NORMAL,53421,91
2026-04-05 10:39:04,BENIGN (Safe),96.0,NORMAL,53487,92
2026-04-05 10:39:04,BENIGN (Safe),96.0,NORMAL,53553,93
2026-04-05 10:39:04,BENIGN (Safe),96.0,NORMAL,53619,94
2026-04-05 10:39:04,BENIGN (Safe),96.0,NORMAL,55113,95
2026-04-05 10:39:04,BENIGN (Safe),96.0,NORMAL,55179,96
2026-04-05 10:39:04,BENIGN (Safe),96.0,NORMAL,55307,97
2026-04-05 10:39:04,BENIGN (Safe),96.0,NORMAL,55373,98
2026-04-05 10:39:05,BENIGN (Safe),96.0,NORMAL,55439,99
2026-04-05 10:39:05,BENIGN (Safe),96.0,NORMAL,55499,100
2026-04-05 10:39:05,BENIGN (Safe),96.0,NORMAL,55656,101
2026-04-05 10:39:05,BENIGN (Safe),96.0,NORMAL,55716,102
2026-04-05 10:39:05,BENIGN (Safe),96.0,NORMAL,55873,103
2026-04-05 10:39:05,BENIGN (Safe),96.0,NORMAL,55989,104
2026-04-05 10:39:05,BENIGN (Safe),92.0,NORMAL,56043,105
2026-04-05 10:39:05,BENIGN (Safe),96.0,NORMAL,56097,106
2026-04-05 10:39:05,BENIGN (Safe),96.0,NORMAL,56213,107
2026-04-05 10:39:05,BENIGN (Safe),92.0,NORMAL,56273,108
2026-04-05 10:39:05,BENIGN (Safe),92.0,NORMAL,56333,109
2026-04-05 10:39:06,BENIGN (Safe),96.0,NORMAL,56418,110
2026-04-05 10:39:06,BENIGN (Safe),96.0,NORMAL,56478,111
2026-04-05 10:39:06,BENIGN (Safe),96.0,NORMAL,56538,112
2026-04-05 10:39:06,BENIGN (Safe),96.0,NORMAL,56598,113
2026-04-05 10:39:06,BENIGN (Safe),96.0,NORMAL,56658,114
2026-04-05 10:39:06,BENIGN (Safe),96.0,NORMAL,56718,115
2026-04-05 10:39:06,BENIGN (Safe),96.0,NORMAL,56778,116
2026-04-05 10:39:06,BENIGN (Safe),96.0,NORMAL,56838,117
2026-04-05 10:39:06,BENIGN (Safe),96.0,NORMAL,56898,118
2026-04-05 10:39:07,BENIGN (Safe),96.0,NORMAL,56958,119
2026-04-05 10:39:07,BENIGN (Safe),92.0,NORMAL,57018,120
2026-04-05 10:39:07,BENIGN (Safe),96.0,NORMAL,58512,121
2026-04-05 10:39:07,BENIGN (Safe),96.0,NORMAL,60006,122
2026-04-05 10:39:07,BENIGN (Safe),96.0,NORMAL,61500,123
2026-04-05 10:39:07,BENIGN (Safe),96.0,NORMAL,62994,124
2026-04-05 10:39:07,BENIGN (Safe),96.0,NORMAL,64488,125
2026-04-05 10:39:07,BENIGN (Safe),96.0,NORMAL,65982,126
2026-04-05 10:39:07,BENIGN (Safe),96.0,NORMAL,67476,127
2026-04-05 10:39:08,BENIGN (Safe),96.0,NORMAL,68970,128
2026-04-05 10:39:08,BENIGN (Safe),96.0,NORMAL,70464,129
2026-04-05 10:39:08,BENIGN (Safe),96.0,NORMAL,71958,130
2026-04-05 10:39:08,BENIGN (Safe),96.0,NORMAL,73452,131
2026-04-05 10:39:08,BENIGN (Safe),96.0,NORMAL,74946,132
2026-04-05 10:39:08,BENIGN (Safe),96.0,NORMAL,76440,133
2026-04-05 10:39:08,BENIGN (Safe),96.0,NORMAL,77934,134
2026-04-05 10:39:08,BENIGN (Safe),96.0,NORMAL,79428,135
2026-04-05 10:39:08,BENIGN (Safe),96.0,NORMAL,80922,136
2026-04-05 10:39:08,BENIGN (Safe),96.0,NORMAL,82416,137
2026-04-05 10:39:08,BENIGN (Safe),96.0,NORMAL,83910,138
2026-04-05 10:39:09,BENIGN (Safe),96.0,NORMAL,85404,139
2026-04-05 10:39:09,BENIGN (Safe),96.0,NORMAL,86898,140
2026-04-05 10:39:09,BENIGN (Safe),96.0,NORMAL,88392,141
2026-04-05 10:39:09,BENIGN (Safe),96.0,NORMAL,89886,142
2026-04-05 10:39:09,BENIGN (Safe),96.0,NORMAL,89946,143
2026-04-05 10:39:09,BENIGN (Safe),96.0,NORMAL,90006,144
2026-04-05 10:39:09,BENIGN (Safe),96.0,NORMAL,91500,145
2026-04-05 10:39:09,BENIGN (Safe),96.0,NORMAL,92994,146
2026-04-05 10:39:10,BENIGN (Safe),96.0,NORMAL,94488,147
2026-04-05 10:39:10,BENIGN (Safe),96.0,NORMAL,95982,148
2026-04-05 10:39:10,BENIGN (Safe),96.0,NORMAL,97476,149
2026-04-05 10:39:10,BENIGN (Safe),92.0,NORMAL,97530,150
2026-04-05 10:39:10,BENIGN (Safe),96.0,NORMAL,97590,151
2026-04-05 10:39:10,BENIGN (Safe),96.0,NORMAL,97650,152
2026-04-05 10:39:10,BENIGN (Safe),96.0,NORMAL,97710,153
2026-04-05 10:39:10,BENIGN (Safe),96.0,NORMAL,97770,154
2026-04-05 10:39:10,BENIGN (Safe),96.0,NORMAL,97830,155
2026-04-05 10:39:10,BENIGN (Safe),96.0,NORMAL,97890,156
2026-04-05 10:39:11,BENIGN (Safe),96.0,NORMAL,97950,157
2026-04-05 10:39:11,BENIGN (Safe),96.0,NORMAL,98010,158
2026-04-05 10:39:11,BENIGN (Safe),96.0,NORMAL,98347,159
2026-04-05 10:39:11,BENIGN (Safe),96.0,NORMAL,98407,160
2026-04-05 10:39:11,BENIGN (Safe),96.0,NORMAL,99316,161
2026-04-05 10:39:11,BENIGN (Safe),96.0,NORMAL,99489,162
2026-04-05 10:39:11,BENIGN (Safe),96.0,NORMAL,100983,163
2026-04-05 10:39:11,BENIGN (Safe),96.0,NORMAL,102477,164
2026-04-05 10:39:11,BENIGN (Safe),96.0,NORMAL,103971,165
2026-04-05 10:39:11,BENIGN (Safe),96.0,NORMAL,105465,166
2026-04-05 10:39:12,BENIGN (Safe),96.0,NORMAL,106959,167
2026-04-05 10:39:12,BENIGN (Safe),96.0,NORMAL,108453,168
2026-04-05 10:39:12,BENIGN (Safe),96.0,NORMAL,109947,169
2026-04-05 10:39:12,BENIGN (Safe),96.0,NORMAL,111441,170
2026-04-05 10:39:12,BENIGN (Safe),96.0,NORMAL,112935,171
2026-04-05 10:39:12,BENIGN (Safe),96.0,NORMAL,114429,172
2026-04-05 10:39:12,BENIGN (Safe),96.0,NORMAL,115923,173
2026-04-05 10:39:12,BENIGN (Safe),96.0,NORMAL,116543,174
2026-04-05 10:39:12,BENIGN (Safe),96.0,NORMAL,118037,175
2026-04-05 10:39:12,BENIGN (Safe),96.0,NORMAL,119531,176
2026-04-05 10:39:13,BENIGN (Safe),96.0,NORMAL,121025,177
2026-04-05 10:39:13,BENIGN (Safe),96.0,NORMAL,122519,178
2026-04-05 10:39:13,BENIGN (Safe),96.0,NORMAL,124013,179
2026-04-05 10:39:13,BENIGN (Safe),96.0,NORMAL,125507,180
2026-04-05 10:39:13,BENIGN (Safe),96.0,NORMAL,127001,181
2026-04-05 10:39:13,BENIGN (Safe),96.0,NORMAL,128495,182
2026-04-05 10:39:13,BENIGN (Safe),96.0,NORMAL,129989,183
2026-04-05 10:39:13,BENIGN (Safe),96.0,NORMAL,130049,184
2026-04-05 10:39:13,BENIGN (Safe),96.0,NORMAL,131543,185
2026-04-05 10:39:13,BENIGN (Safe),96.0,NORMAL,133037,186
2026-04-05 10:39:13,BENIGN (Safe),96.0,NORMAL,134531,187
2026-04-05 10:39:14,BENIGN (Safe),96.0,NORMAL,134591,188
2026-04-05 10:39:14,BENIGN (Safe),96.0,NORMAL,136085,189
2026-04-05 10:39:14,BENIGN (Safe),96.0,NORMAL,137579,190
2026-04-05 10:39:14,BENIGN (Safe),96.0,NORMAL,137639,191
2026-04-05 10:39:14,BENIGN (Safe),96.0,NORMAL,139133,192
2026-04-05 10:39:14,BENIGN (Safe),96.0,NORMAL,140627,193
2026-04-05 10:39:14,BENIGN (Safe),96.0,NORMAL,140693,194
2026-04-05 10:39:14,BENIGN (Safe),96.0,NORMAL,140847,195
2026-04-05 10:39:14,BENIGN (Safe),96.0,NORMAL,140901,196
2026-04-05 10:39:14,BENIGN (Safe),96.0,NORMAL,140961,197
2026-04-05 10:39:14,BENIGN (Safe),96.0,NORMAL,141027,198
2026-04-05 10:39:15,BENIGN (Safe),96.0,NORMAL,141093,199
2026-04-05 10:39:15,BENIGN (Safe),96.0,NORMAL,141153,200
2026-04-05 10:39:15,BENIGN (Safe),96.0,NORMAL,141213,201
2026-04-05 10:39:15,BENIGN (Safe),96.0,NORMAL,141273,202
2026-04-05 10:39:15,BENIGN (Safe),96.0,NORMAL,141333,203
2026-04-05 10:39:15,BENIGN (Safe),96.0,NORMAL,141422,204
2026-04-05 10:39:15,BENIGN (Safe),96.0,NORMAL,141482,205
2026-04-05 10:39:15,BENIGN (Safe),96.0,NORMAL,141542,206
2026-04-05 10:39:15,BENIGN (Safe),96.0,NORMAL,141602,207
2026-04-05 10:39:15,BENIGN (Safe),96.0,NORMAL,141662,208
2026-04-05 10:39:16,BENIGN (Safe),96.0,NORMAL,141722,209
2026-04-05 10:39:16,BENIGN (Safe),96.0,NORMAL,141782,210
2026-04-05 10:39:16,BENIGN (Safe),96.0,NORMAL,141842,211
2026-04-05 10:39:16,BENIGN (Safe),96.0,NORMAL,141902,212
2026-04-05 10:39:16,BENIGN (Safe),96.0,NORMAL,141962,213
2026-04-05 10:39:16,BENIGN (Safe),96.0,NORMAL,142022,214
2026-04-05 10:39:16,BENIGN (Safe),96.0,NORMAL,142082,215
2026-04-05 10:39:16,BENIGN (Safe),96.0,NORMAL,142142,216
2026-04-05 10:39:16,BENIGN (Safe),96.0,NORMAL,142202,217
2026-04-05 10:39:16,BENIGN (Safe),96.0,NORMAL,142262,218
2026-04-05 10:39:17,BENIGN (Safe),96.0,NORMAL,142316,219
2026-04-05 10:39:17,BENIGN (Safe),96.0,NORMAL,142382,220
2026-04-05 10:39:17,BENIGN (Safe),96.0,NORMAL,142448,221
2026-04-05 10:39:17,BENIGN (Safe),96.0,NORMAL,142601,222
2026-04-05 10:39:17,BENIGN (Safe),96.0,NORMAL,142655,223
2026-04-05 10:39:17,BENIGN (Safe),96.0,NORMAL,142710,224
2026-04-05 10:39:17,BENIGN (Safe),94.0,NORMAL,142776,225
2026-04-05 10:39:17,BENIGN (Safe),96.0,NORMAL,142830,226
2026-04-05 10:39:17,BENIGN (Safe),96.0,NORMAL,142896,227
2026-04-05 10:39:17,BENIGN (Safe),94.0,NORMAL,142956,228
2026-04-05 10:39:17,BENIGN (Safe),96.0,NORMAL,143022,229
2026-04-05 10:39:18,BENIGN (Safe),96.0,NORMAL,143076,230
2026-04-05 10:39:18,BENIGN (Safe),96.0,NORMAL,143130,231
2026-04-05 10:39:18,BENIGN (Safe),96.0,NORMAL,144596,232
2026-04-05 10:39:18,BENIGN (Safe),96.0,NORMAL,145022,233
2026-04-05 10:39:18,BENIGN (Safe),96.0,NORMAL,145077,234
2026-04-05 10:39:18,BENIGN (Safe),94.0,NORMAL,145137,235
2026-04-05 10:39:18,BENIGN (Safe),96.0,NORMAL,145203,236
2026-04-05 10:39:18,BENIGN (Safe),96.0,NORMAL,145263,237
2026-04-05 10:39:19,BENIGN (Safe),96.0,NORMAL,145329,238
2026-04-05 10:39:19,BENIGN (Safe),96.0,NORMAL,145502,239
2026-04-05 10:39:19,BENIGN (Safe),96.0,NORMAL,146996,240
2026-04-05 10:39:19,BENIGN (Safe),96.0,NORMAL,148490,241
2026-04-05 10:39:19,BENIGN (Safe),96.0,NORMAL,149984,242
2026-04-05 10:39:19,BENIGN (Safe),96.0,NORMAL,151478,243
2026-04-05 10:39:19,BENIGN (Safe),96.0,NORMAL,152972,244
2026-04-05 10:39:19,BENIGN (Safe),96.0,NORMAL,154466,245
2026-04-05 10:39:20,BENIGN (Safe),96.0,NORMAL,155960,246
2026-04-05 10:39:20,BENIGN (Safe),96.0,NORMAL,157454,247
2026-04-05 10:39:20,BENIGN (Safe),96.0,NORMAL,158948,248
2026-04-05 10:39:20,BENIGN (Safe),96.0,NORMAL,160442,249
2026-04-05 10:39:20,BENIGN (Safe),96.0,NORMAL,161936,250
2026-04-05 10:39:20,BENIGN (Safe),96.0,NORMAL,162556,251
2026-04-05 10:39:20,BENIGN (Safe),96.0,NORMAL,164050,252
2026-04-05 10:39:20,BENIGN (Safe),96.0,NORMAL,165544,253
2026-04-05 10:39:20,BENIGN (Safe),96.0,NORMAL,167038,254
2026-04-05 10:39:20,BENIGN (Safe),96.0,NORMAL,168532,255
2026-04-05 10:39:21,BENIGN (Safe),96.0,NORMAL,170026,256
2026-04-05 10:39:21,BENIGN (Safe),96.0,NORMAL,171520,257
2026-04-05 10:39:21,BENIGN (Safe),96.0,NORMAL,173014,258
2026-04-05 10:39:21,BENIGN (Safe),96.0,NORMAL,174508,259
2026-04-05 10:39:21,BENIGN (Safe),96.0,NORMAL,176002,260
2026-04-05 10:39:21,BENIGN (Safe),96.0,NORMAL,177369,261
2026-04-05 10:39:21,BENIGN (Safe),96.0,NORMAL,177435,262
2026-04-05 10:39:21,BENIGN (Safe),96.0,NORMAL,177489,263
2026-04-05 10:39:21,BENIGN (Safe),96.0,NORMAL,178955,264
2026-04-05 10:39:21,BENIGN (Safe),96.0,NORMAL,179317,265
2026-04-05 10:39:21,BENIGN (Safe),96.0,NORMAL,180783,266
2026-04-05 10:39:22,BENIGN (Safe),96.0,NORMAL,180843,267
2026-04-05 10:39:22,BENIGN (Safe),96.0,NORMAL,180909,268
2026-04-05 10:39:22,BENIGN (Safe),96.0,NORMAL,180975,269
2026-04-05 10:39:22,BENIGN (Safe),96.0,NORMAL,181035,270
2026-04-05 10:39:22,BENIGN (Safe),96.0,NORMAL,181095,271
2026-04-05 10:39:22,BENIGN (Safe),96.0,NORMAL,182561,272
2026-04-05 10:39:22,BENIGN (Safe),96.0,NORMAL,182621,273
2026-04-05 10:39:22,BENIGN (Safe),96.0,NORMAL,182681,274
2026-04-05 10:39:22,BENIGN (Safe),96.0,NORMAL,182741,275
2026-04-05 10:39:22,BENIGN (Safe),96.0,NORMAL,182801,276
2026-04-05 10:39:23,BENIGN (Safe),96.0,NORMAL,182861,277
2026-04-05 10:39:23,BENIGN (Safe),96.0,NORMAL,182921,278
2026-04-05 10:39:23,BENIGN (Safe),96.0,NORMAL,182981,279
2026-04-05 10:39:23,BENIGN (Safe),92.0,NORMAL,183041,280
2026-04-05 10:39:23,BENIGN (Safe),92.0,NORMAL,183101,281
2026-04-05 10:39:23,BENIGN (Safe),92.0,NORMAL,183161,282
2026-04-05 10:39:23,BENIGN (Safe),96.0,NORMAL,183221,283
2026-04-05 10:39:23,BENIGN (Safe),96.0,NORMAL,183281,284
2026-04-05 10:39:23,BENIGN (Safe),96.0,NORMAL,183434,285
2026-04-05 10:39:23,BENIGN (Safe),96.0,NORMAL,183523,286
2026-04-05 10:39:24,BENIGN (Safe),96.0,NORMAL,183583,287
2026-04-05 10:39:24,BENIGN (Safe),96.0,NORMAL,183756,288
2026-04-05 10:39:24,BENIGN (Safe),96.0,NORMAL,185250,289
2026-04-05 10:39:24,BENIGN (Safe),96.0,NORMAL,186744,290
2026-04-05 10:39:24,BENIGN (Safe),96.0,NORMAL,188238,291
2026-04-05 10:39:24,BENIGN (Safe),96.0,NORMAL,189732,292
2026-04-05 10:39:24,BENIGN (Safe),96.0,NORMAL,191226,293
2026-04-05 10:39:24,BENIGN (Safe),96.0,NORMAL,192720,294
2026-04-05 10:39:24,BENIGN (Safe),96.0,NORMAL,194214,295
2026-04-05 10:39:24,BENIGN (Safe),96.0,NORMAL,195708,296
2026-04-05 10:39:25,BENIGN (Safe),96.0,NORMAL,197202,297
2026-04-05 10:39:25,BENIGN (Safe),96.0,NORMAL,198696,298
2026-04-05 10:39:25,BENIGN (Safe),96.0,NORMAL,200190,299
2026-04-05 10:39:25,BENIGN (Safe),96.0,NORMAL,200810,300
2026-04-05 10:39:25,BENIGN (Safe),96.0,NORMAL,202304,301
2026-04-05 10:39:25,BENIGN (Safe),96.0,NORMAL,203798,302
2026-04-05 10:39:25,BENIGN (Safe),96.0,NORMAL,205292,303
2026-04-05 10:39:25,BENIGN (Safe),96.0,NORMAL,206786,304
2026-04-05 10:39:25,BENIGN (Safe),96.0,NORMAL,208280,305
2026-04-05 10:39:25,BENIGN (Safe),96.0,NORMAL,209774,306
2026-04-05 10:39:25,BENIGN (Safe),96.0,NORMAL,211268,307
2026-04-05 10:39:26,BENIGN (Safe),96.0,NORMAL,212762,308
2026-04-05 10:39:26,BENIGN (Safe),96.0,NORMAL,214256,309
2026-04-05 10:39:26,BENIGN (Safe),96.0,NORMAL,215750,310
2026-04-05 10:39:26,BENIGN (Safe),96.0,NORMAL,217244,311
2026-04-05 10:39:26,BENIGN (Safe),96.0,NORMAL,217864,312
2026-04-05 10:39:26,BENIGN (Safe),96.0,NORMAL,219358,313
2026-04-05 10:39:26,BENIGN (Safe),96.0,NORMAL,220852,314
2026-04-05 10:39:26,BENIGN (Safe),96.0,NORMAL,222346,315
2026-04-05 10:39:26,BENIGN (Safe),96.0,NORMAL,223840,316
2026-04-05 10:39:26,BENIGN (Safe),96.0,NORMAL,225334,317
2026-04-05 10:39:26,BENIGN (Safe),96.0,NORMAL,226828,318
2026-04-05 10:39:27,BENIGN (Safe),96.0,NORMAL,227075,319
2026-04-05 10:39:27,BENIGN (Safe),96.0,NORMAL,227130,320
2026-04-05 10:39:27,BENIGN (Safe),96.0,NORMAL,227190,321
2026-04-05 10:39:27,BENIGN (Safe),96.0,NORMAL,227250,322
2026-04-05 10:39:27,BENIGN (Safe),96.0,NORMAL,227316,323
2026-04-05 10:39:27,BENIGN (Safe),96.0,NORMAL,227376,324
2026-04-05 10:39:27,BENIGN (Safe),96.0,NORMAL,227436,325
2026-04-05 10:39:27,BENIGN (Safe),96.0,NORMAL,227496,326
2026-04-06 06:08:31,DDoS Flood,96.0,ALERT,788799,1
2026-04-06 06:10:44,BENIGN (Safe),96.0,NORMAL,124,1
2026-04-06 06:10:44,BENIGN (Safe),96.0,NORMAL,184,2
2026-04-06 06:10:45,BENIGN (Safe),96.0,NORMAL,310,3
2026-04-06 06:10:45,BENIGN (Safe),92.0,NORMAL,388,4
2026-04-06 06:10:45,BENIGN (Safe),96.0,NORMAL,470,5
2026-04-06 06:10:45,BENIGN (Safe),96.0,NORMAL,524,6
2026-04-06 06:10:45,BENIGN (Safe),92.0,NORMAL,584,7
2026-04-06 06:11:03,BENIGN (Safe),96.0,NORMAL,639,8
2026-04-06 06:11:03,BENIGN (Safe),96.0,NORMAL,705,9
2026-04-06 06:11:05,BENIGN (Safe),92.0,NORMAL,783,10
2026-04-06 06:11:05,BENIGN (Safe),96.0,NORMAL,865,11
2026-04-06 06:11:05,BENIGN (Safe),92.0,NORMAL,925,12
2026-04-06 06:11:07,BENIGN (Safe),96.0,NORMAL,1062,13
2026-04-06 06:11:07,BENIGN (Safe),96.0,NORMAL,1116,14
2026-04-06 06:11:07,BENIGN (Safe),96.0,NORMAL,1244,15
2026-04-06 06:11:07,BENIGN (Safe),96.0,NORMAL,1393,16
2026-04-06 06:11:08,BENIGN (Safe),96.0,NORMAL,1453,17
2026-04-06 06:11:08,BENIGN (Safe),96.0,NORMAL,1513,18
2026-04-06 06:11:08,BENIGN (Safe),96.0,NORMAL,1579,19
2026-04-06 06:11:08,BENIGN (Safe),96.0,NORMAL,1645,20
2026-04-06 06:11:09,BENIGN (Safe),96.0,NORMAL,1975,21
2026-04-06 06:11:09,BENIGN (Safe),96.0,NORMAL,2041,22
2026-04-06 06:11:09,BENIGN (Safe),96.0,NORMAL,2095,23
2026-04-06 06:11:09,BENIGN (Safe),96.0,NORMAL,3589,24
2026-04-06 06:11:09,BENIGN (Safe),96.0,NORMAL,4009,25
2026-04-06 06:11:09,BENIGN (Safe),96.0,NORMAL,4063,26
2026-04-06 06:11:09,BENIGN (Safe),96.0,NORMAL,4129,27
2026-04-06 06:11:09,BENIGN (Safe),96.0,NORMAL,4183,28
2026-04-06 06:11:10,BENIGN (Safe),96.0,NORMAL,5677,29
2026-04-06 06:11:10,BENIGN (Safe),96.0,NORMAL,6033,30
2026-04-06 06:11:10,BENIGN (Safe),96.0,NORMAL,6093,31
2026-04-06 06:11:10,BENIGN (Safe),96.0,NORMAL,6246,32
2026-04-06 06:11:10,BENIGN (Safe),96.0,NORMAL,6952,33
2026-04-06 06:11:10,BENIGN (Safe),96.0,NORMAL,7007,34
2026-04-06 06:11:10,BENIGN (Safe),96.0,NORMAL,7067,35
2026-04-06 06:11:10,BENIGN (Safe),96.0,NORMAL,7220,36
2026-04-06 06:11:11,BENIGN (Safe),96.0,NORMAL,7862,37
2026-04-06 06:11:11,BENIGN (Safe),96.0,NORMAL,9376,38
2026-04-06 06:11:11,BENIGN (Safe),96.0,NORMAL,10890,39
2026-04-06 06:11:11,BENIGN (Safe),96.0,NORMAL,10944,40
2026-04-06 06:11:11,BENIGN (Safe),96.0,NORMAL,12458,41
2026-04-06 06:11:11,BENIGN (Safe),96.0,NORMAL,13972,42
2026-04-06 06:11:12,BENIGN (Safe),96.0,NORMAL,14446,43
2026-04-06 06:11:12,BENIGN (Safe),96.0,NORMAL,14500,44
2026-04-06 06:11:12,BENIGN (Safe),96.0,NORMAL,14628,45
2026-04-06 06:11:12,BENIGN (Safe),96.0,NORMAL,14774,46
2026-04-06 06:11:12,BENIGN (Safe),96.0,NORMAL,15320,47
2026-04-06 06:11:12,BENIGN (Safe),96.0,NORMAL,16814,48
2026-04-06 06:11:12,BENIGN (Safe),96.0,NORMAL,18308,49
2026-04-06 06:11:12,BENIGN (Safe),96.0,NORMAL,19802,50
2026-04-06 06:11:12,BENIGN (Safe),96.0,NORMAL,21296,51
2026-04-06 06:11:13,BENIGN (Safe),96.0,NORMAL,22790,52
2026-04-06 06:11:13,BENIGN (Safe),96.0,NORMAL,24284,53
2026-04-06 06:11:13,BENIGN (Safe),96.0,NORMAL,24993,54
2026-04-06 06:11:13,BENIGN (Safe),94.0,NORMAL,25059,55
2026-04-06 06:11:13,BENIGN (Safe),96.0,NORMAL,26573,56
2026-04-06 06:11:13,BENIGN (Safe),96.0,NORMAL,28087,57
2026-04-06 06:11:13,BENIGN (Safe),96.0,NORMAL,29601,58
2026-04-06 06:11:13,BENIGN (Safe),96.0,NORMAL,31115,59
2026-04-06 06:11:13,BENIGN (Safe),96.0,NORMAL,31589,60
2026-04-06 06:11:14,BENIGN (Safe),96.0,NORMAL,31746,61
2026-04-06 06:11:14,BENIGN (Safe),96.0,NORMAL,31862,62
2026-04-06 06:11:14,BENIGN (Safe),96.0,NORMAL,31922,63
2026-04-06 06:11:14,BENIGN (Safe),96.0,NORMAL,31976,64
2026-04-06 06:11:14,BENIGN (Safe),96.0,NORMAL,32030,65
2026-04-06 06:11:14,BENIGN (Safe),96.0,NORMAL,32158,66
2026-04-06 06:11:14,BENIGN (Safe),96.0,NORMAL,32243,67
2026-04-06 06:11:14,BENIGN (Safe),96.0,NORMAL,32328,68
2026-04-06 06:11:14,BENIGN (Safe),96.0,NORMAL,32388,69
2026-04-06 06:11:15,BENIGN (Safe),96.0,NORMAL,32448,70
2026-04-06 06:11:15,BENIGN (Safe),96.0,NORMAL,32508,71
2026-04-06 06:11:15,BENIGN (Safe),96.0,NORMAL,32562,72
2026-04-06 06:11:15,BENIGN (Safe),96.0,NORMAL,32898,73
2026-04-06 06:11:15,BENIGN (Safe),96.0,NORMAL,33055,74
2026-04-06 06:11:15,BENIGN (Safe),96.0,NORMAL,33171,75
2026-04-06 06:11:15,BENIGN (Safe),96.0,NORMAL,33225,76
2026-04-06 06:11:15,BENIGN (Safe),96.0,NORMAL,33285,77
2026-04-06 06:11:15,BENIGN (Safe),96.0,NORMAL,33339,78
2026-04-06 06:11:15,BENIGN (Safe),96.0,NORMAL,33393,79
2026-04-06 06:11:15,BENIGN (Safe),96.0,NORMAL,33447,80
2026-04-06 06:11:16,BENIGN (Safe),96.0,NORMAL,33507,81
2026-04-06 06:11:16,BENIGN (Safe),96.0,NORMAL,33561,82
2026-04-06 06:11:16,BENIGN (Safe),92.0,NORMAL,33621,83
2026-04-06 06:11:24,BENIGN (Safe),92.0,NORMAL,33699,84
2026-04-06 06:11:25,BENIGN (Safe),96.0,NORMAL,33781,85
2026-04-06 06:11:25,BENIGN (Safe),92.0,NORMAL,33841,86
2026-04-06 06:11:35,BENIGN (Safe),96.0,NORMAL,33907,87
2026-04-06 06:11:35,BENIGN (Safe),96.0,NORMAL,34031,88
2026-04-06 06:11:36,BENIGN (Safe),96.0,NORMAL,34091,89
2026-04-06 06:11:36,BENIGN (Safe),96.0,NORMAL,34157,90
2026-04-06 06:11:36,BENIGN (Safe),96.0,NORMAL,34211,91
2026-04-06 06:11:36,BENIGN (Safe),96.0,NORMAL,34522,92
2026-04-06 06:11:36,BENIGN (Safe),96.0,NORMAL,34648,93
2026-04-06 06:11:36,BENIGN (Safe),96.0,NORMAL,34702,94
2026-04-06 06:11:36,BENIGN (Safe),92.0,NORMAL,34762,95
2026-04-06 06:11:36,BENIGN (Safe),92.0,NORMAL,36276,96
2026-04-06 06:11:36,BENIGN (Safe),92.0,NORMAL,37790,97
2026-04-06 06:11:36,BENIGN (Safe),96.0,NORMAL,37844,98
2026-04-06 06:11:37,BENIGN (Safe),92.0,NORMAL,39234,99
2026-04-06 06:11:37,BENIGN (Safe),96.0,NORMAL,39414,100
2026-04-06 06:11:37,BENIGN (Safe),92.0,NORMAL,39474,101
2026-04-06 06:11:37,BENIGN (Safe),92.0,NORMAL,39732,102
2026-04-06 06:11:37,BENIGN (Safe),96.0,NORMAL,40038,103
2026-04-06 06:11:37,BENIGN (Safe),92.0,NORMAL,40098,104
2026-04-06 06:11:37,BENIGN (Safe),96.0,NORMAL,41227,105
2026-04-06 06:11:37,BENIGN (Safe),90.0,NORMAL,41287,106
2026-04-06 06:11:37,BENIGN (Safe),90.0,NORMAL,41532,107
2026-04-06 06:11:37,BENIGN (Safe),90.0,NORMAL,41592,108
2026-04-06 06:11:37,BENIGN (Safe),96.0,NORMAL,41646,109
2026-04-06 06:11:38,BENIGN (Safe),96.0,NORMAL,41731,110
2026-04-06 06:11:38,BENIGN (Safe),96.0,NORMAL,41785,111
2026-04-06 06:11:38,BENIGN (Safe),90.0,NORMAL,41845,112
2026-04-06 06:11:38,BENIGN (Safe),90.0,NORMAL,41905,113
2026-04-06 06:11:44,BENIGN (Safe),96.0,NORMAL,42031,114
2026-04-06 06:11:44,BENIGN (Safe),96.0,NORMAL,42085,115
2026-04-06 06:11:44,BENIGN (Safe),92.0,NORMAL,42163,116
2026-04-06 06:11:45,BENIGN (Safe),96.0,NORMAL,42245,117
2026-04-06 06:11:45,BENIGN (Safe),92.0,NORMAL,42305,118
2026-04-06 06:11:47,BENIGN (Safe),92.0,NORMAL,42359,119
2026-04-06 06:11:48,BENIGN (Safe),96.0,NORMAL,42414,120
2026-04-06 06:11:49,BENIGN (Safe),96.0,NORMAL,42480,121
2026-04-06 06:11:52,BENIGN (Safe),96.0,NORMAL,42535,122
2026-04-06 06:11:53,BENIGN (Safe),94.0,NORMAL,42601,123
2026-04-06 06:11:53,BENIGN (Safe),96.0,NORMAL,42725,124
2026-04-06 06:11:53,BENIGN (Safe),96.0,NORMAL,42785,125
2026-04-06 06:11:53,BENIGN (Safe),96.0,NORMAL,42911,126
2026-04-06 06:11:53,BENIGN (Safe),96.0,NORMAL,42965,127
2026-04-06 06:11:59,BENIGN (Safe),92.0,NORMAL,43019,128
2026-04-06 06:12:00,BENIGN (Safe),92.0,NORMAL,43073,129
2026-04-06 06:12:01,BENIGN (Safe),92.0,NORMAL,43127,130
2026-04-06 06:12:04,BENIGN (Safe),92.0,NORMAL,43181,131
2026-04-06 06:12:04,BENIGN (Safe),92.0,NORMAL,43259,132
2026-04-06 06:12:05,BENIGN (Safe),96.0,NORMAL,43341,133
2026-04-06 06:12:05,BENIGN (Safe),92.0,NORMAL,43401,134
2026-04-06 06:12:17,BENIGN (Safe),96.0,NORMAL,43485,135
2026-04-06 06:12:17,BENIGN (Safe),96.0,NORMAL,43539,136
2026-04-06 06:12:17,BENIGN (Safe),92.0,NORMAL,43599,137
2026-04-06 06:12:17,BENIGN (Safe),92.0,NORMAL,43659,138
2026-04-06 06:12:17,BENIGN (Safe),96.0,NORMAL,43713,139
2026-04-06 06:12:18,BENIGN (Safe),96.0,NORMAL,43767,140
2026-04-06 06:12:18,BENIGN (Safe),96.0,NORMAL,43821,141
2026-04-06 06:12:18,BENIGN (Safe),94.0,NORMAL,43881,142
2026-04-06 06:12:18,BENIGN (Safe),96.0,NORMAL,43941,143
2026-04-06 06:12:18,BENIGN (Safe),96.0,NORMAL,43995,144
2026-04-06 06:12:19,BENIGN (Safe),96.0,NORMAL,44119,145
2026-04-06 06:12:20,BENIGN (Safe),96.0,NORMAL,44179,146
2026-04-06 06:12:20,BENIGN (Safe),96.0,NORMAL,44305,147
2026-04-06 06:12:20,BENIGN (Safe),96.0,NORMAL,44359,148
2026-04-09 11:48:23,DDoS Flood,96.0,ALERT,452589611,1
2026-04-17 11:01:19,DDoS Flood,96.0,ALERT,79230939,1
2026-04-17 11:04:09,DDoS Flood,96.0,ALERT,7923093989128918,2
2026-04-17 11:04:49,BREACH DETECTED,BATCH,BATCH,7923093989319951,3
2026-04-17 11:07:41,BENIGN (Safe),96.0,NORMAL,55,1
2026-04-17 11:07:41,BENIGN (Safe),92.0,NORMAL,109,2
2026-04-17 11:08:03,BENIGN (Safe),96.0,NORMAL,175,3
2026-04-17 11:08:03,BENIGN (Safe),96.0,NORMAL,241,4
2026-04-17 11:08:03,BENIGN (Safe),96.0,NORMAL,295,5
2026-04-17 11:08:04,BENIGN (Safe),96.0,NORMAL,1761,6
2026-04-17 11:08:04,BENIGN (Safe),96.0,NORMAL,2171,7
2026-04-17 11:08:04,BENIGN (Safe),94.0,NORMAL,2225,8
2026-04-17 11:08:04,BENIGN (Safe),94.0,NORMAL,2279,9
2026-04-17 11:08:04,BENIGN (Safe),94.0,NORMAL,3745,10
2026-04-17 11:08:04,BENIGN (Safe),94.0,NORMAL,5211,11
2026-04-17 11:08:05,BENIGN (Safe),94.0,NORMAL,6677,12
2026-04-17 11:08:05,BENIGN (Safe),94.0,NORMAL,8143,13
2026-04-17 11:08:05,BENIGN (Safe),96.0,NORMAL,8209,14
2026-04-17 11:08:05,BENIGN (Safe),94.0,NORMAL,9675,15
2026-04-17 11:08:05,BENIGN (Safe),94.0,NORMAL,10559,16
2026-04-17 11:08:05,BENIGN (Safe),96.0,NORMAL,10613,17
2026-04-17 11:08:05,BENIGN (Safe),96.0,NORMAL,10667,18
2026-04-17 11:08:05,BENIGN (Safe),96.0,NORMAL,10795,19
2026-04-17 11:08:05,BENIGN (Safe),94.0,NORMAL,10849,20
2026-04-17 11:08:06,BENIGN (Safe),94.0,NORMAL,11885,21
2026-04-17 11:08:06,BENIGN (Safe),96.0,NORMAL,11939,22
2026-04-17 11:08:08,BENIGN (Safe),96.0,NORMAL,11994,23
2026-04-17 11:08:08,BENIGN (Safe),96.0,NORMAL,12060,24
2026-04-17 11:08:09,BENIGN (Safe),96.0,NORMAL,12115,25
2026-04-17 11:08:09,BENIGN (Safe),96.0,NORMAL,12170,26
2026-04-17 11:08:09,BENIGN (Safe),96.0,NORMAL,12236,27
2026-04-17 11:08:09,BENIGN (Safe),96.0,NORMAL,12302,28
2026-04-17 11:08:11,BENIGN (Safe),96.0,NORMAL,12457,29
2026-04-17 11:08:11,BENIGN (Safe),96.0,NORMAL,12682,30
2026-04-17 11:08:11,BENIGN (Safe),96.0,NORMAL,12736,31
2026-04-17 11:08:26,BENIGN (Safe),96.0,NORMAL,12802,32
2026-04-17 11:08:26,BENIGN (Safe),96.0,NORMAL,12868,33
2026-04-17 11:08:26,BENIGN (Safe),96.0,NORMAL,12922,34
2026-04-17 11:08:26,BENIGN (Safe),96.0,NORMAL,13233,35
2026-04-17 11:08:26,BENIGN (Safe),92.0,NORMAL,13287,36
2026-04-17 11:08:26,BENIGN (Safe),92.0,NORMAL,14801,37
2026-04-17 11:08:27,BENIGN (Safe),92.0,NORMAL,16315,38
2026-04-17 11:08:27,BENIGN (Safe),92.0,NORMAL,17705,39
2026-04-17 11:08:28,BENIGN (Safe),96.0,NORMAL,17759,40
2026-04-17 11:08:28,BENIGN (Safe),96.0,NORMAL,17939,41
2026-04-17 11:08:28,BENIGN (Safe),92.0,NORMAL,17993,42
2026-04-17 11:08:28,BENIGN (Safe),92.0,NORMAL,18251,43
2026-04-17 11:08:28,BENIGN (Safe),96.0,NORMAL,18557,44
2026-04-17 11:08:28,BENIGN (Safe),92.0,NORMAL,18611,45
2026-04-17 11:08:28,BENIGN (Safe),96.0,NORMAL,19760,46
2026-04-17 11:08:28,BENIGN (Safe),90.0,NORMAL,19814,47
2026-04-17 11:08:28,BENIGN (Safe),90.0,NORMAL,20059,48
2026-04-17 11:08:28,BENIGN (Safe),90.0,NORMAL,20113,49
2026-04-17 11:08:29,BENIGN (Safe),96.0,NORMAL,20167,50
2026-04-17 11:08:29,BENIGN (Safe),96.0,NORMAL,20252,51
2026-04-17 11:08:29,BENIGN (Safe),96.0,NORMAL,20306,52
2026-04-17 11:08:29,BENIGN (Safe),90.0,NORMAL,20360,53
2026-04-17 11:08:41,BENIGN (Safe),92.0,NORMAL,20414,54
2026-04-17 11:08:43,BENIGN (Safe),96.0,NORMAL,20468,55
2026-04-17 11:08:43,BENIGN (Safe),92.0,NORMAL,20522,56
2026-04-17 11:08:43,BENIGN (Safe),92.0,NORMAL,20576,57
2026-04-17 11:08:49,BENIGN (Safe),96.0,NORMAL,20631,58
2026-04-17 11:08:49,BENIGN (Safe),94.0,NORMAL,20697,59
2026-04-17 11:08:53,BENIGN (Safe),96.0,NORMAL,20752,60
2026-04-17 11:08:53,BENIGN (Safe),96.0,NORMAL,20818,61
2026-04-17 11:09:05,BENIGN (Safe),96.0,NORMAL,20872,62
2026-04-17 11:09:05,BENIGN (Safe),94.0,NORMAL,20926,63
2026-04-17 11:09:05,BENIGN (Safe),96.0,NORMAL,20980,64
2026-04-17 11:09:08,BENIGN (Safe),96.0,NORMAL,21046,65
2026-04-17 11:09:08,BENIGN (Safe),96.0,NORMAL,21112,66
2026-04-17 11:09:08,BENIGN (Safe),96.0,NORMAL,21166,67
2026-04-17 11:09:08,BENIGN (Safe),96.0,NORMAL,21737,68
2026-04-17 11:09:08,BENIGN (Safe),96.0,NORMAL,21890,69
2026-04-17 11:09:08,BENIGN (Safe),96.0,NORMAL,22381,70
2026-04-17 11:09:09,BENIGN (Safe),96.0,NORMAL,23232,71
2026-04-17 11:09:09,BENIGN (Safe),96.0,NORMAL,24746,72
2026-04-17 11:09:09,BENIGN (Safe),96.0,NORMAL,26260,73
2026-04-17 11:09:09,BENIGN (Safe),96.0,NORMAL,27774,74
2026-04-17 11:09:09,BENIGN (Safe),96.0,NORMAL,29288,75
2026-04-17 11:09:09,BENIGN (Safe),96.0,NORMAL,29354,76
2026-04-17 11:09:09,BENIGN (Safe),96.0,NORMAL,29408,77
2026-04-17 11:09:09,BENIGN (Safe),96.0,NORMAL,30902,78
2026-04-17 11:09:09,BENIGN (Safe),96.0,NORMAL,32396,79
2026-04-17 11:09:09,BENIGN (Safe),96.0,NORMAL,33890,80
2026-04-17 11:09:09,BENIGN (Safe),96.0,NORMAL,35384,81
2026-04-17 11:09:10,BENIGN (Safe),96.0,NORMAL,36553,82
2026-04-17 11:09:10,BENIGN (Safe),96.0,NORMAL,36710,83
2026-04-17 11:09:10,BENIGN (Safe),96.0,NORMAL,36776,84
2026-04-17 11:09:10,BENIGN (Safe),96.0,NORMAL,36842,85
2026-04-17 11:09:10,BENIGN (Safe),96.0,NORMAL,36908,86
2026-04-17 11:09:10,BENIGN (Safe),96.0,NORMAL,36962,87
2026-04-17 11:09:10,BENIGN (Safe),96.0,NORMAL,37482,88
2026-04-17 11:09:10,BENIGN (Safe),96.0,NORMAL,37536,89
2026-04-17 11:09:10,BENIGN (Safe),96.0,NORMAL,37614,90
2026-04-17 11:09:10,BENIGN (Safe),96.0,NORMAL,37668,91
2026-04-17 11:09:10,BENIGN (Safe),96.0,NORMAL,37746,92
2026-04-17 11:09:11,BENIGN (Safe),96.0,NORMAL,37800,93
2026-04-17 11:09:11,BENIGN (Safe),92.0,NORMAL,37854,94
2026-04-17 11:09:13,BENIGN (Safe),96.0,NORMAL,37920,95
2026-04-17 11:09:13,BENIGN (Safe),96.0,NORMAL,37986,96
2026-04-17 11:09:13,BENIGN (Safe),94.0,NORMAL,38040,97
2026-04-17 11:09:13,BENIGN (Safe),94.0,NORMAL,38323,98
2026-04-17 11:09:13,BENIGN (Safe),96.0,NORMAL,39837,99
2026-04-17 11:09:13,BENIGN (Safe),96.0,NORMAL,41011,100
2026-04-17 11:09:14,BENIGN (Safe),94.0,NORMAL,41077,101
2026-04-17 11:09:14,BENIGN (Safe),96.0,NORMAL,42591,102
2026-04-17 11:09:14,BENIGN (Safe),94.0,NORMAL,42657,103
2026-04-17 11:09:14,BENIGN (Safe),96.0,NORMAL,44171,104
2026-04-17 11:09:14,BENIGN (Safe),96.0,NORMAL,45685,105
2026-04-17 11:09:14,BENIGN (Safe),96.0,NORMAL,47199,106
2026-04-17 11:09:14,BENIGN (Safe),94.0,NORMAL,47253,107
2026-04-17 11:09:14,BENIGN (Safe),94.0,NORMAL,47465,108
2026-04-17 11:09:14,BENIGN (Safe),96.0,NORMAL,47570,109
2026-04-17 11:09:14,BENIGN (Safe),96.0,NORMAL,47624,110
2026-04-17 11:09:14,BENIGN (Safe),96.0,NORMAL,48108,111
2026-04-17 11:09:15,BENIGN (Safe),96.0,NORMAL,48979,112
2026-04-17 11:09:15,BENIGN (Safe),96.0,NORMAL,49033,113
2026-04-17 11:09:15,BENIGN (Safe),96.0,NORMAL,49614,114
2026-04-17 11:09:15,BENIGN (Safe),96.0,NORMAL,49668,115
2026-04-17 11:09:20,BENIGN (Safe),96.0,NORMAL,49734,116
2026-04-17 11:09:21,BENIGN (Safe),96.0,NORMAL,49800,117
2026-04-17 11:09:22,BENIGN (Safe),94.0,NORMAL,49854,118
2026-04-17 11:09:22,BENIGN (Safe),94.0,NORMAL,50139,119
2026-04-17 11:09:22,BENIGN (Safe),96.0,NORMAL,51313,120
2026-04-17 11:09:22,BENIGN (Safe),96.0,NORMAL,52827,121
2026-04-17 11:09:22,BENIGN (Safe),96.0,NORMAL,54341,122
2026-04-17 11:09:22,BENIGN (Safe),94.0,NORMAL,54407,123
2026-04-17 11:09:22,BENIGN (Safe),94.0,NORMAL,54473,124
2026-04-17 11:09:22,BENIGN (Safe),96.0,NORMAL,55987,125
2026-04-17 11:09:22,BENIGN (Safe),94.0,NORMAL,56053,126
2026-04-17 11:09:22,BENIGN (Safe),96.0,NORMAL,57567,127
2026-04-17 11:09:22,BENIGN (Safe),96.0,NORMAL,59081,128
2026-04-17 11:09:23,BENIGN (Safe),94.0,NORMAL,59135,129
2026-04-17 11:09:23,BENIGN (Safe),94.0,NORMAL,59347,130
2026-04-17 11:09:23,BENIGN (Safe),94.0,NORMAL,59559,131
2026-04-17 11:09:23,BENIGN (Safe),96.0,NORMAL,59664,132
2026-04-17 11:09:23,BENIGN (Safe),96.0,NORMAL,59718,133
2026-04-17 11:09:23,BENIGN (Safe),96.0,NORMAL,60812,134
2026-04-17 11:09:23,BENIGN (Safe),96.0,NORMAL,60917,135
2026-04-17 11:09:23,BENIGN (Safe),96.0,NORMAL,60983,136
2026-04-17 11:09:23,BENIGN (Safe),96.0,NORMAL,61049,137
2026-04-17 11:09:23,BENIGN (Safe),96.0,NORMAL,61630,138
2026-04-17 11:09:24,BENIGN (Safe),96.0,NORMAL,61684,139
2026-04-17 11:09:24,BENIGN (Safe),96.0,NORMAL,61797,140
2026-04-17 11:09:24,BENIGN (Safe),96.0,NORMAL,61917,141
2026-04-17 11:09:24,BENIGN (Safe),96.0,NORMAL,61971,142
2026-04-17 11:09:27,BENIGN (Safe),92.0,NORMAL,62025,143
2026-04-17 11:10:08,BENIGN (Safe),96.0,NORMAL,62080,144
2026-04-17 11:10:08,BENIGN (Safe),96.0,NORMAL,62146,145
2026-04-17 11:10:26,BENIGN (Safe),96.0,NORMAL,62212,146
2026-04-17 11:10:26,BENIGN (Safe),96.0,NORMAL,62278,147
2026-04-17 11:10:26,BENIGN (Safe),96.0,NORMAL,62344,148
2026-04-17 11:10:26,BENIGN (Safe),96.0,NORMAL,62410,149
2026-04-17 11:10:27,BENIGN (Safe),96.0,NORMAL,62476,150
2026-04-17 11:10:27,BENIGN (Safe),96.0,NORMAL,62542,151
2026-04-17 11:10:27,BENIGN (Safe),96.0,NORMAL,62596,152
2026-04-17 11:10:27,BENIGN (Safe),96.0,NORMAL,63167,153
2026-04-17 11:10:27,BENIGN (Safe),92.0,NORMAL,63221,154
2026-04-17 11:10:27,BENIGN (Safe),92.0,NORMAL,64611,155
2026-04-17 11:10:27,BENIGN (Safe),96.0,NORMAL,64677,156
2026-04-17 11:10:27,BENIGN (Safe),92.0,NORMAL,66191,157
2026-04-17 11:10:27,BENIGN (Safe),92.0,NORMAL,67705,158
2026-04-17 11:10:27,BENIGN (Safe),96.0,NORMAL,67759,159
2026-04-17 11:10:27,BENIGN (Safe),96.0,NORMAL,67939,160
2026-04-17 11:10:27,BENIGN (Safe),96.0,NORMAL,68119,161
2026-04-17 11:10:28,BENIGN (Safe),92.0,NORMAL,68173,162
2026-04-17 11:10:28,BENIGN (Safe),92.0,NORMAL,68431,163
2026-04-17 11:10:28,BENIGN (Safe),96.0,NORMAL,68497,164
2026-04-17 11:10:28,BENIGN (Safe),96.0,NORMAL,68803,165
2026-04-17 11:10:28,BENIGN (Safe),92.0,NORMAL,68869,166
2026-04-17 11:10:28,BENIGN (Safe),92.0,NORMAL,68923,167
2026-04-17 11:10:28,BENIGN (Safe),96.0,NORMAL,70069,168
2026-04-17 11:10:28,BENIGN (Safe),92.0,NORMAL,70123,169
2026-04-17 11:10:28,BENIGN (Safe),92.0,NORMAL,70368,170
2026-04-17 11:10:28,BENIGN (Safe),92.0,NORMAL,70422,171
2026-04-17 11:10:29,BENIGN (Safe),96.0,NORMAL,70476,172
2026-04-17 11:10:29,BENIGN (Safe),96.0,NORMAL,70561,173
2026-04-17 11:10:29,BENIGN (Safe),96.0,NORMAL,70615,174
2026-04-17 11:10:29,BENIGN (Safe),92.0,NORMAL,70669,175
2026-04-17 11:10:29,BENIGN (Safe),96.0,NORMAL,70735,176
2026-04-17 11:10:29,BENIGN (Safe),96.0,NORMAL,70801,177
2026-04-17 11:10:34,BENIGN (Safe),96.0,NORMAL,70867,178
2026-04-17 11:10:34,BENIGN (Safe),96.0,NORMAL,70933,179
2026-04-17 11:10:42,BENIGN (Safe),96.0,NORMAL,70999,180
2026-04-17 11:10:54,BENIGN (Safe),96.0,NORMAL,71054,181
2026-04-17 11:10:54,BENIGN (Safe),96.0,NORMAL,71120,182
2026-04-17 11:10:58,BENIGN (Safe),96.0,NORMAL,71186,183
2026-04-17 11:10:58,BENIGN (Safe),96.0,NORMAL,71252,184
2026-04-17 11:11:03,BENIGN (Safe),96.0,NORMAL,71306,185
2026-04-17 11:11:03,BENIGN (Safe),96.0,NORMAL,71360,186
2026-04-17 11:11:03,BENIGN (Safe),96.0,NORMAL,71414,187
2026-04-17 11:11:03,BENIGN (Safe),96.0,NORMAL,71468,188
2026-04-17 11:11:03,BENIGN (Safe),96.0,NORMAL,71522,189
2026-04-17 11:11:03,BENIGN (Safe),96.0,NORMAL,71576,190
2026-04-17 11:11:23,BENIGN (Safe),96.0,NORMAL,71689,191
2026-04-17 11:11:23,BENIGN (Safe),96.0,NORMAL,71809,192
2026-04-17 11:11:23,BENIGN (Safe),96.0,NORMAL,71922,193
2026-04-17 11:11:23,BENIGN (Safe),96.0,NORMAL,71988,194
2026-04-17 11:11:23,BENIGN (Safe),96.0,NORMAL,72042,195
2026-04-17 11:11:55,BENIGN (Safe),96.0,NORMAL,72108,196
2026-04-17 11:11:55,BENIGN (Safe),96.0,NORMAL,72174,197
2026-04-17 11:11:56,BENIGN (Safe),96.0,NORMAL,72240,198
2026-04-17 11:11:56,BENIGN (Safe),96.0,NORMAL,72294,199
2026-04-17 11:11:56,BENIGN (Safe),96.0,NORMAL,73788,200
2026-04-17 11:11:56,BENIGN (Safe),96.0,NORMAL,74335,201
2026-04-17 11:11:56,BENIGN (Safe),96.0,NORMAL,74401,202
2026-04-17 11:11:56,BENIGN (Safe),96.0,NORMAL,74455,203
2026-04-17 11:11:56,BENIGN (Safe),96.0,NORMAL,74608,204
2026-04-17 11:11:56,BENIGN (Safe),96.0,NORMAL,74662,205
2026-04-17 11:11:56,BENIGN (Safe),96.0,NORMAL,75495,206
2026-04-17 11:11:57,BENIGN (Safe),96.0,NORMAL,76989,207
2026-04-17 11:11:57,BENIGN (Safe),96.0,NORMAL,77504,208
2026-04-17 11:11:57,BENIGN (Safe),96.0,NORMAL,77558,209
2026-04-17 11:11:57,BENIGN (Safe),96.0,NORMAL,77711,210
2026-04-17 11:11:57,BENIGN (Safe),96.0,NORMAL,78512,211
2026-04-17 11:11:57,BENIGN (Safe),96.0,NORMAL,79775,212
2026-04-17 11:11:57,BENIGN (Safe),96.0,NORMAL,79841,213
2026-04-17 11:11:57,BENIGN (Safe),96.0,NORMAL,81355,214
2026-04-17 11:11:57,BENIGN (Safe),96.0,NORMAL,82869,215
2026-04-17 11:11:57,BENIGN (Safe),96.0,NORMAL,84383,216
2026-04-17 11:11:58,BENIGN (Safe),96.0,NORMAL,84449,217
2026-04-17 11:11:58,BENIGN (Safe),96.0,NORMAL,85963,218
2026-04-17 11:11:58,BENIGN (Safe),96.0,NORMAL,87477,219
2026-04-17 11:11:58,BENIGN (Safe),96.0,NORMAL,87531,220
2026-04-17 11:11:58,BENIGN (Safe),96.0,NORMAL,87659,221
2026-04-17 11:11:58,BENIGN (Safe),96.0,NORMAL,87805,222
2026-04-17 11:11:58,BENIGN (Safe),96.0,NORMAL,88351,223
2026-04-17 11:11:58,BENIGN (Safe),96.0,NORMAL,89845,224
2026-04-17 11:11:58,BENIGN (Safe),96.0,NORMAL,90764,225
2026-04-17 11:11:58,BENIGN (Safe),96.0,NORMAL,92027,226
2026-04-17 11:11:58,BENIGN (Safe),96.0,NORMAL,92184,227
2026-04-17 11:11:59,BENIGN (Safe),96.0,NORMAL,93698,228
2026-04-17 11:11:59,BENIGN (Safe),96.0,NORMAL,95212,229
2026-04-17 11:11:59,BENIGN (Safe),96.0,NORMAL,96726,230
2026-04-17 11:11:59,BENIGN (Safe),96.0,NORMAL,96842,231
2026-04-17 11:11:59,BENIGN (Safe),96.0,NORMAL,96908,232
2026-04-17 11:11:59,BENIGN (Safe),96.0,NORMAL,96974,233
2026-04-17 11:11:59,BENIGN (Safe),96.0,NORMAL,97028,234
2026-04-17 11:11:59,BENIGN (Safe),96.0,NORMAL,97113,235
2026-04-17 11:11:59,BENIGN (Safe),96.0,NORMAL,98627,236
2026-04-17 11:11:59,BENIGN (Safe),96.0,NORMAL,100141,237
2026-04-17 11:11:59,BENIGN (Safe),96.0,NORMAL,100226,238
2026-04-17 11:11:59,BENIGN (Safe),96.0,NORMAL,100280,239
2026-04-17 11:12:00,BENIGN (Safe),96.0,NORMAL,100334,240
2026-04-17 11:12:00,BENIGN (Safe),96.0,NORMAL,100462,241
2026-04-17 11:12:00,BENIGN (Safe),96.0,NORMAL,100516,242
2026-04-17 11:12:00,BENIGN (Safe),96.0,NORMAL,100570,243
2026-04-17 11:12:00,BENIGN (Safe),96.0,NORMAL,100727,244
2026-04-17 11:12:00,BENIGN (Safe),96.0,NORMAL,101063,245
2026-04-17 11:12:00,BENIGN (Safe),96.0,NORMAL,101179,246
2026-04-17 11:12:00,BENIGN (Safe),96.0,NORMAL,101233,247
2026-04-17 11:12:00,BENIGN (Safe),96.0,NORMAL,101287,248
2026-04-19 15:26:33,DDoS Flood,96.0,ALERT,77899,1
2026-04-19 15:26:43,Unknown Exploit,96.0,ALERT,77899,2
2026-04-19 15:26:49,Unknown Exploit,96.0,ALERT,77899,3
2026-04-19 15:29:48,BREACH DETECTED,BATCH,BATCH,770602,4
2026-04-19 15:32:50,BREACH DETECTED,BATCH,BATCH,1300520,5
2026-04-19 15:33:47,BREACH DETECTED,BATCH,BATCH,1746429,6
2026-04-19 15:34:41,BENIGN (Safe),94.0,NORMAL,1346,1
2026-04-19 15:34:41,BENIGN (Safe),92.0,NORMAL,1424,2
2026-04-19 15:34:41,BENIGN (Safe),94.0,NORMAL,2770,3
2026-04-19 15:34:41,BENIGN (Safe),92.0,NORMAL,2848,4
2026-04-19 15:34:42,BENIGN (Safe),94.0,NORMAL,4194,5
2026-04-19 15:34:42,BENIGN (Safe),92.0,NORMAL,4280,6
2026-04-19 15:34:42,BENIGN (Safe),94.0,NORMAL,5626,7
2026-04-19 15:34:42,BENIGN (Safe),92.0,NORMAL,5692,8
2026-04-19 15:34:42,BENIGN (Safe),94.0,NORMAL,7038,9
2026-04-19 15:34:42,BENIGN (Safe),94.0,NORMAL,8384,10
2026-04-19 15:34:42,BENIGN (Safe),92.0,NORMAL,8450,11
2026-04-19 15:34:42,BENIGN (Safe),94.0,NORMAL,9796,12
2026-04-19 15:34:42,BENIGN (Safe),94.0,NORMAL,11142,13
2026-04-19 15:34:42,BENIGN (Safe),94.0,NORMAL,12488,14
2026-04-19 15:34:42,BENIGN (Safe),92.0,NORMAL,12554,15
2026-04-19 15:34:42,BENIGN (Safe),94.0,NORMAL,17740,16
2026-04-19 15:34:42,BENIGN (Safe),94.0,NORMAL,19086,17
2026-04-19 15:34:42,BENIGN (Safe),92.0,NORMAL,19164,18
2026-04-19 15:34:42,BENIGN (Safe),92.0,NORMAL,19230,19
2026-04-19 15:34:42,BENIGN (Safe),94.0,NORMAL,20576,20
2026-04-19 15:34:43,BENIGN (Safe),94.0,NORMAL,21922,21
2026-04-19 15:34:43,BENIGN (Safe),94.0,NORMAL,23268,22
2026-04-19 15:34:43,BENIGN (Safe),94.0,NORMAL,24614,23
2026-04-19 15:34:43,BENIGN (Safe),94.0,NORMAL,25960,24
2026-04-19 15:34:43,BENIGN (Safe),92.0,NORMAL,26026,25
2026-04-19 15:34:43,BENIGN (Safe),94.0,NORMAL,27372,26
2026-04-19 15:34:43,BENIGN (Safe),94.0,NORMAL,28718,27
2026-04-19 15:34:43,BENIGN (Safe),92.0,NORMAL,28796,28
2026-04-19 15:34:43,BENIGN (Safe),92.0,NORMAL,28874,29
2026-04-19 15:34:43,BENIGN (Safe),94.0,NORMAL,31500,30
2026-04-19 15:34:43,BENIGN (Safe),92.0,NORMAL,31566,31
2026-04-19 15:34:43,BENIGN (Safe),94.0,NORMAL,36752,32
2026-04-19 15:34:43,BENIGN (Safe),92.0,NORMAL,36818,33
2026-04-19 15:34:43,BENIGN (Safe),94.0,NORMAL,38164,34
2026-04-19 15:34:43,BENIGN (Safe),92.0,NORMAL,38242,35
2026-04-19 15:34:43,BENIGN (Safe),94.0,NORMAL,39588,36
2026-04-19 15:34:43,BENIGN (Safe),94.0,NORMAL,40934,37
2026-04-19 15:34:43,BENIGN (Safe),94.0,NORMAL,42280,38
2026-04-19 15:34:44,BENIGN (Safe),94.0,NORMAL,43626,39
2026-04-19 15:34:44,BENIGN (Safe),94.0,NORMAL,44972,40
2026-04-19 15:34:44,BENIGN (Safe),92.0,NORMAL,45038,41
2026-04-19 15:34:44,BENIGN (Safe),94.0,NORMAL,46384,42
2026-04-19 15:34:44,BENIGN (Safe),92.0,NORMAL,46450,43
2026-04-19 15:34:44,BENIGN (Safe),94.0,NORMAL,47796,44
2026-04-19 15:34:44,BENIGN (Safe),92.0,NORMAL,47862,45
2026-04-19 15:34:44,BENIGN (Safe),94.0,NORMAL,49208,46
2026-04-19 15:34:44,BENIGN (Safe),92.0,NORMAL,49286,47
2026-04-19 15:34:44,BENIGN (Safe),94.0,NORMAL,50632,48
2026-04-19 15:34:44,BENIGN (Safe),94.0,NORMAL,51978,49
2026-04-19 15:34:44,BENIGN (Safe),94.0,NORMAL,53324,50
2026-04-19 15:34:44,BENIGN (Safe),94.0,NORMAL,54670,51
2026-04-19 15:34:44,BENIGN (Safe),94.0,NORMAL,56016,52
2026-04-19 15:34:44,BENIGN (Safe),92.0,NORMAL,56082,53
2026-04-19 15:34:44,BENIGN (Safe),94.0,NORMAL,57428,54
2026-04-19 15:34:44,BENIGN (Safe),94.0,NORMAL,58774,55
2026-04-19 15:34:44,BENIGN (Safe),92.0,NORMAL,58840,56
2026-04-19 15:34:45,BENIGN (Safe),94.0,NORMAL,60186,57
2026-04-19 15:34:45,BENIGN (Safe),92.0,NORMAL,60252,58
2026-04-19 15:34:45,BENIGN (Safe),94.0,NORMAL,61598,59
2026-04-19 15:34:45,BENIGN (Safe),94.0,NORMAL,62944,60
2026-04-19 15:34:45,BENIGN (Safe),94.0,NORMAL,64290,61
2026-04-19 15:34:45,BENIGN (Safe),92.0,NORMAL,64356,62
2026-04-19 15:34:45,BENIGN (Safe),94.0,NORMAL,65702,63
2026-04-19 15:34:45,BENIGN (Safe),94.0,NORMAL,68328,64
2026-04-19 15:34:45,BENIGN (Safe),92.0,NORMAL,68394,65
2026-04-19 15:34:45,BENIGN (Safe),94.0,NORMAL,69740,66
2026-04-19 15:34:45,BENIGN (Safe),94.0,NORMAL,71086,67
2026-04-19 15:34:45,BENIGN (Safe),92.0,NORMAL,71152,68
2026-04-19 15:34:45,BENIGN (Safe),94.0,NORMAL,72498,69
2026-04-19 15:34:45,BENIGN (Safe),94.0,NORMAL,73844,70
2026-04-19 15:34:45,BENIGN (Safe),92.0,NORMAL,73910,71
2026-04-19 15:34:45,BENIGN (Safe),94.0,NORMAL,76536,72
2026-04-19 15:34:45,BENIGN (Safe),92.0,NORMAL,76602,73
2026-04-19 15:34:46,BENIGN (Safe),94.0,NORMAL,79228,74
2026-04-19 15:34:46,BENIGN (Safe),94.0,NORMAL,80574,75
2026-04-19 15:34:46,BENIGN (Safe),94.0,NORMAL,81920,76
2026-04-19 15:34:46,BENIGN (Safe),92.0,NORMAL,81986,77
2026-04-19 15:34:46,BENIGN (Safe),94.0,NORMAL,83332,78
2026-04-19 15:34:46,BENIGN (Safe),94.0,NORMAL,84678,79
2026-04-19 15:34:46,BENIGN (Safe),92.0,NORMAL,84744,80
2026-04-19 15:34:46,BENIGN (Safe),94.0,NORMAL,86090,81
2026-04-19 15:34:46,BENIGN (Safe),94.0,NORMAL,87436,82
2026-04-19 15:34:46,BENIGN (Safe),92.0,NORMAL,87502,83
2026-04-19 15:34:46,BENIGN (Safe),94.0,NORMAL,88848,84
2026-04-19 15:34:46,BENIGN (Safe),94.0,NORMAL,90194,85
2026-04-19 15:34:46,BENIGN (Safe),92.0,NORMAL,90260,86
2026-04-19 15:34:46,BENIGN (Safe),94.0,NORMAL,91606,87
2026-04-19 15:34:46,BENIGN (Safe),94.0,NORMAL,92952,88
2026-04-19 15:34:47,BENIGN (Safe),94.0,NORMAL,94298,89
2026-04-19 15:34:47,BENIGN (Safe),94.0,NORMAL,95644,90
2026-04-19 15:34:47,BENIGN (Safe),92.0,NORMAL,95710,91
2026-04-19 15:34:47,BENIGN (Safe),92.0,NORMAL,95776,92
2026-04-19 15:34:47,BENIGN (Safe),94.0,NORMAL,97122,93
2026-04-19 15:34:47,BENIGN (Safe),94.0,NORMAL,98468,94
2026-04-19 15:34:47,BENIGN (Safe),92.0,NORMAL,98546,95
2026-04-19 15:34:47,BENIGN (Safe),92.0,NORMAL,98624,96
2026-04-19 15:34:47,BENIGN (Safe),94.0,NORMAL,99970,97
2026-04-19 15:34:47,BENIGN (Safe),92.0,NORMAL,100036,98
2026-04-19 15:34:47,BENIGN (Safe),94.0,NORMAL,101382,99
2026-04-19 15:34:47,BENIGN (Safe),92.0,NORMAL,101448,100
2026-04-19 15:34:47,BENIGN (Safe),94.0,NORMAL,102794,101
2026-04-19 15:34:47,BENIGN (Safe),94.0,NORMAL,104140,102
2026-04-19 15:34:47,BENIGN (Safe),92.0,NORMAL,104206,103
2026-04-19 15:34:48,BENIGN (Safe),94.0,NORMAL,105552,104
2026-04-19 15:34:48,BENIGN (Safe),94.0,NORMAL,106898,105
2026-04-19 15:34:48,BENIGN (Safe),92.0,NORMAL,106964,106
2026-04-19 15:34:48,BENIGN (Safe),94.0,NORMAL,108310,107
2026-04-19 15:34:48,BENIGN (Safe),94.0,NORMAL,109656,108
2026-04-19 15:34:48,BENIGN (Safe),92.0,NORMAL,109722,109
2026-04-19 15:34:48,BENIGN (Safe),94.0,NORMAL,111068,110
2026-04-19 15:34:48,BENIGN (Safe),92.0,NORMAL,111146,111
2026-04-19 15:34:48,BENIGN (Safe),94.0,NORMAL,112492,112
2026-04-19 15:34:48,BENIGN (Safe),92.0,NORMAL,112570,113
2026-04-19 15:34:48,BENIGN (Safe),94.0,NORMAL,113916,114
2026-04-19 15:34:48,BENIGN (Safe),94.0,NORMAL,115262,115
2026-04-19 15:34:48,BENIGN (Safe),94.0,NORMAL,116608,116
2026-04-19 15:34:48,BENIGN (Safe),92.0,NORMAL,116674,117
2026-04-19 15:34:49,BENIGN (Safe),94.0,NORMAL,118020,118
2026-04-19 15:34:49,BENIGN (Safe),92.0,NORMAL,118086,119
2026-04-19 15:34:49,BENIGN (Safe),94.0,NORMAL,120712,120
2026-04-19 15:34:49,BENIGN (Safe),94.0,NORMAL,122058,121
2026-04-19 15:34:49,BENIGN (Safe),92.0,NORMAL,122124,122
2026-04-19 15:34:49,BENIGN (Safe),94.0,NORMAL,123470,123
2026-04-19 15:34:49,BENIGN (Safe),94.0,NORMAL,124816,124
2026-04-19 15:34:49,BENIGN (Safe),92.0,NORMAL,124882,125
2026-04-19 15:34:49,BENIGN (Safe),94.0,NORMAL,126228,126
2026-04-19 15:34:49,BENIGN (Safe),94.0,NORMAL,127574,127
2026-04-19 15:34:49,BENIGN (Safe),94.0,NORMAL,128920,128
2026-04-19 15:34:49,BENIGN (Safe),94.0,NORMAL,130266,129
2026-04-19 15:34:49,BENIGN (Safe),92.0,NORMAL,130332,130
2026-04-19 15:34:49,BENIGN (Safe),92.0,NORMAL,130398,131
2026-04-19 15:34:49,BENIGN (Safe),94.0,NORMAL,131744,132
2026-04-19 15:34:49,BENIGN (Safe),92.0,NORMAL,131810,133
2026-04-19 15:34:49,BENIGN (Safe),94.0,NORMAL,133156,134
2026-04-19 15:34:49,BENIGN (Safe),94.0,NORMAL,135782,135
2026-04-19 15:34:50,BENIGN (Safe),92.0,NORMAL,135848,136
2026-04-19 15:34:50,BENIGN (Safe),94.0,NORMAL,138474,137
2026-04-19 15:34:50,BENIGN (Safe),92.0,NORMAL,138540,138
2026-04-19 15:34:50,BENIGN (Safe),94.0,NORMAL,139886,139
2026-04-19 15:34:50,BENIGN (Safe),94.0,NORMAL,141232,140
2026-04-19 15:34:50,BENIGN (Safe),94.0,NORMAL,142578,141
2026-04-19 15:34:50,BENIGN (Safe),94.0,NORMAL,143924,142
2026-04-19 15:34:50,BENIGN (Safe),94.0,NORMAL,147830,143
2026-04-19 15:34:50,BENIGN (Safe),92.0,NORMAL,147896,144
2026-04-19 15:34:50,BENIGN (Safe),92.0,NORMAL,147962,145
2026-04-19 15:34:50,BENIGN (Safe),94.0,NORMAL,149308,146
2026-04-19 15:34:50,BENIGN (Safe),94.0,NORMAL,150654,147
2026-04-19 15:34:50,BENIGN (Safe),94.0,NORMAL,152000,148
2026-04-19 15:34:50,BENIGN (Safe),92.0,NORMAL,152066,149
2026-04-19 15:34:50,BENIGN (Safe),94.0,NORMAL,153412,150
2026-04-19 15:34:50,BENIGN (Safe),92.0,NORMAL,153478,151
2026-04-19 15:34:50,BENIGN (Safe),94.0,NORMAL,156104,152
2026-04-19 15:34:50,BENIGN (Safe),94.0,NORMAL,157450,153
2026-04-19 15:34:50,BENIGN (Safe),92.0,NORMAL,157516,154
2026-04-19 15:34:50,BENIGN (Safe),94.0,NORMAL,158862,155
2026-04-19 15:34:51,BENIGN (Safe),94.0,NORMAL,162768,156
2026-04-19 15:34:51,BENIGN (Safe),92.0,NORMAL,162834,157
2026-04-19 15:34:51,BENIGN (Safe),94.0,NORMAL,164180,158
2026-04-19 15:34:51,BENIGN (Safe),94.0,NORMAL,165526,159
2026-04-19 15:34:51,BENIGN (Safe),94.0,NORMAL,166872,160
2026-04-19 15:34:51,BENIGN (Safe),92.0,NORMAL,166938,161
2026-04-19 15:34:51,BENIGN (Safe),94.0,NORMAL,168284,162
2026-04-19 15:34:51,BENIGN (Safe),92.0,NORMAL,168350,163
2026-04-19 15:34:51,BENIGN (Safe),94.0,NORMAL,172256,164
2026-04-19 15:34:51,BENIGN (Safe),92.0,NORMAL,172322,165
2026-04-19 15:34:51,BENIGN (Safe),94.0,NORMAL,173668,166
2026-04-19 15:34:51,BENIGN (Safe),94.0,NORMAL,175014,167
2026-04-19 15:34:51,BENIGN (Safe),94.0,NORMAL,176360,168
2026-04-19 15:34:51,BENIGN (Safe),92.0,NORMAL,176426,169
2026-04-19 15:34:51,BENIGN (Safe),94.0,NORMAL,179052,170
2026-04-19 15:34:51,BENIGN (Safe),92.0,NORMAL,179118,171
2026-04-19 15:34:51,BENIGN (Safe),94.0,NORMAL,180464,172
2026-04-19 15:34:51,BENIGN (Safe),94.0,NORMAL,181810,173
2026-04-19 15:34:51,BENIGN (Safe),94.0,NORMAL,183156,174
2026-04-19 15:34:51,BENIGN (Safe),92.0,NORMAL,183222,175
2026-04-19 15:34:51,BENIGN (Safe),94.0,NORMAL,184568,176
2026-04-19 15:34:51,BENIGN (Safe),94.0,NORMAL,185914,177
2026-04-19 15:34:52,BENIGN (Safe),94.0,NORMAL,189820,178
2026-04-19 15:34:52,BENIGN (Safe),92.0,NORMAL,189886,179
2026-04-19 15:34:52,BENIGN (Safe),94.0,NORMAL,191232,180
2026-04-19 15:34:52,BENIGN (Safe),92.0,NORMAL,191298,181
2026-04-19 15:34:52,BENIGN (Safe),94.0,NORMAL,192644,182
2026-04-19 15:34:52,BENIGN (Safe),94.0,NORMAL,193990,183
2026-04-19 15:34:52,BENIGN (Safe),92.0,NORMAL,194056,184
2026-04-19 15:34:52,BENIGN (Safe),92.0,NORMAL,194122,185
2026-04-19 15:34:52,BENIGN (Safe),94.0,NORMAL,195468,186
2026-04-19 15:34:52,BENIGN (Safe),94.0,NORMAL,196814,187
2026-04-19 15:34:52,BENIGN (Safe),94.0,NORMAL,198160,188
2026-04-19 15:34:52,BENIGN (Safe),92.0,NORMAL,198226,189
2026-04-19 15:34:52,BENIGN (Safe),94.0,NORMAL,199572,190
2026-04-19 15:34:52,BENIGN (Safe),94.0,NORMAL,200918,191
2026-04-19 15:34:52,BENIGN (Safe),92.0,NORMAL,200984,192
2026-04-19 15:34:52,BENIGN (Safe),94.0,NORMAL,202330,193
2026-04-19 15:34:52,BENIGN (Safe),94.0,NORMAL,204956,194
2026-04-19 15:34:52,BENIGN (Safe),92.0,NORMAL,205022,195
2026-04-19 15:34:52,BENIGN (Safe),92.0,NORMAL,205088,196
2026-04-19 15:34:52,BENIGN (Safe),94.0,NORMAL,206434,197
2026-04-19 15:34:52,BENIGN (Safe),94.0,NORMAL,207780,198
2026-04-19 15:34:53,BENIGN (Safe),94.0,NORMAL,209126,199
2026-04-19 15:34:53,BENIGN (Safe),94.0,NORMAL,210472,200
2026-04-19 15:34:53,BENIGN (Safe),92.0,NORMAL,210538,201
2026-04-19 15:34:53,BENIGN (Safe),92.0,NORMAL,210604,202
2026-04-19 15:34:53,BENIGN (Safe),94.0,NORMAL,211950,203
2026-04-19 15:34:53,BENIGN (Safe),92.0,NORMAL,212016,204
2026-04-19 15:34:53,BENIGN (Safe),94.0,NORMAL,213362,205
2026-04-19 15:34:53,BENIGN (Safe),94.0,NORMAL,214708,206
2026-04-19 15:34:53,BENIGN (Safe),92.0,NORMAL,214786,207
2026-04-19 15:34:53,BENIGN (Safe),92.0,NORMAL,214852,208
2026-04-19 15:34:53,BENIGN (Safe),94.0,NORMAL,216198,209
2026-04-19 15:34:53,BENIGN (Safe),92.0,NORMAL,216264,210
2026-04-19 15:34:53,BENIGN (Safe),92.0,NORMAL,216330,211
2026-04-19 15:34:53,BENIGN (Safe),94.0,NORMAL,218956,212
2026-04-19 15:34:53,BENIGN (Safe),92.0,NORMAL,219022,213
2026-04-19 15:34:53,BENIGN (Safe),94.0,NORMAL,220368,214
2026-04-19 15:34:54,BENIGN (Safe),92.0,NORMAL,220434,215
2026-04-19 15:34:54,BENIGN (Safe),94.0,NORMAL,221780,216
2026-04-19 15:34:54,BENIGN (Safe),94.0,NORMAL,223126,217
2026-04-19 15:34:54,BENIGN (Safe),94.0,NORMAL,224472,218
2026-04-19 15:34:54,BENIGN (Safe),94.0,NORMAL,225818,219
2026-04-19 15:34:54,BENIGN (Safe),94.0,NORMAL,227164,220
2026-04-19 15:34:54,BENIGN (Safe),92.0,NORMAL,227230,221
2026-04-19 15:34:54,BENIGN (Safe),94.0,NORMAL,228576,222
2026-04-19 15:34:54,BENIGN (Safe),92.0,NORMAL,228642,223
2026-04-19 15:34:54,BENIGN (Safe),94.0,NORMAL,229988,224
2026-04-19 15:34:54,BENIGN (Safe),94.0,NORMAL,232614,225
2026-04-19 15:34:54,BENIGN (Safe),92.0,NORMAL,232680,226
2026-04-19 15:34:54,BENIGN (Safe),94.0,NORMAL,234026,227
2026-04-19 15:34:54,BENIGN (Safe),94.0,NORMAL,239212,228
2026-04-19 15:34:54,BENIGN (Safe),92.0,NORMAL,239278,229
2026-04-19 15:34:54,BENIGN (Safe),94.0,NORMAL,244464,230
2026-04-19 15:34:54,BENIGN (Safe),92.0,NORMAL,244530,231
2026-04-19 15:34:54,BENIGN (Safe),94.0,NORMAL,247156,232
2026-04-19 15:34:54,BENIGN (Safe),92.0,NORMAL,247222,233
2026-04-19 15:34:55,BENIGN (Safe),94.0,NORMAL,248568,234
2026-04-19 15:34:55,BENIGN (Safe),94.0,NORMAL,249914,235
2026-04-19 15:34:55,BENIGN (Safe),94.0,NORMAL,252540,236
2026-04-19 15:34:55,BENIGN (Safe),94.0,NORMAL,253886,237
2026-04-19 15:34:55,BENIGN (Safe),92.0,NORMAL,253952,238
2026-04-19 15:34:55,BENIGN (Safe),94.0,NORMAL,255298,239
2026-04-19 15:34:55,BENIGN (Safe),94.0,NORMAL,256644,240
2026-04-19 15:34:55,BENIGN (Safe),92.0,NORMAL,256710,241
2026-04-19 15:34:55,BENIGN (Safe),94.0,NORMAL,258056,242
2026-04-19 15:34:55,BENIGN (Safe),94.0,NORMAL,259402,243
2026-04-19 15:34:55,BENIGN (Safe),94.0,NORMAL,260748,244
2026-04-19 15:34:55,BENIGN (Safe),92.0,NORMAL,260814,245
2026-04-19 15:34:55,BENIGN (Safe),94.0,NORMAL,262160,246
2026-04-19 15:34:55,BENIGN (Safe),94.0,NORMAL,263506,247
2026-04-19 15:34:55,BENIGN (Safe),94.0,NORMAL,264852,248
2026-04-19 15:34:55,BENIGN (Safe),92.0,NORMAL,264918,249
2026-04-19 15:34:55,BENIGN (Safe),94.0,NORMAL,266264,250
2026-04-19 15:34:55,BENIGN (Safe),94.0,NORMAL,268890,251
2026-04-19 15:34:55,BENIGN (Safe),92.0,NORMAL,268956,252
2026-04-19 15:34:55,BENIGN (Safe),94.0,NORMAL,270302,253
2026-04-19 15:34:56,BENIGN (Safe),94.0,NORMAL,271648,254
2026-04-19 15:34:56,BENIGN (Safe),94.0,NORMAL,272994,255
2026-04-19 15:34:56,BENIGN (Safe),92.0,NORMAL,273060,256
2026-04-19 15:34:56,BENIGN (Safe),94.0,NORMAL,274406,257
2026-04-19 15:34:56,BENIGN (Safe),94.0,NORMAL,275752,258
2026-04-19 15:34:56,BENIGN (Safe),92.0,NORMAL,275818,259
2026-04-19 15:34:56,BENIGN (Safe),94.0,NORMAL,277164,260
2026-04-19 15:34:56,BENIGN (Safe),92.0,NORMAL,277230,261
2026-04-19 15:34:56,BENIGN (Safe),94.0,NORMAL,278576,262
2026-04-19 15:34:56,BENIGN (Safe),92.0,NORMAL,278654,263
2026-04-19 15:34:56,BENIGN (Safe),94.0,NORMAL,280000,264
2026-04-19 15:34:56,BENIGN (Safe),92.0,NORMAL,280086,265
2026-04-19 15:34:56,BENIGN (Safe),94.0,NORMAL,281432,266
2026-04-19 15:34:56,BENIGN (Safe),92.0,NORMAL,281510,267
2026-04-19 15:34:56,BENIGN (Safe),94.0,NORMAL,282856,268
2026-04-19 15:34:56,BENIGN (Safe),92.0,NORMAL,282922,269
2026-04-19 15:34:56,BENIGN (Safe),94.0,NORMAL,284268,270
2026-04-19 15:34:56,BENIGN (Safe),92.0,NORMAL,284334,271
2026-04-19 15:34:56,BENIGN (Safe),94.0,NORMAL,285680,272
2026-04-19 15:34:56,BENIGN (Safe),94.0,NORMAL,287026,273
2026-04-19 15:34:57,BENIGN (Safe),92.0,NORMAL,287092,274
2026-04-19 15:34:57,BENIGN (Safe),94.0,NORMAL,288221,275
2026-04-19 15:34:57,BENIGN (Safe),92.0,NORMAL,288287,276
2026-04-19 15:34:57,BENIGN (Safe),92.0,NORMAL,288353,277
2026-04-19 15:34:57,BENIGN (Safe),94.0,NORMAL,290979,278
2026-04-19 15:34:57,BENIGN (Safe),92.0,NORMAL,291045,279
2026-04-19 15:34:57,BENIGN (Safe),94.0,NORMAL,292391,280
2026-04-19 15:34:57,BENIGN (Safe),94.0,NORMAL,293737,281
2026-04-19 15:34:57,BENIGN (Safe),92.0,NORMAL,293803,282
2026-04-19 15:34:57,BENIGN (Safe),94.0,NORMAL,293869,283
2026-04-19 15:34:57,BENIGN (Safe),94.0,NORMAL,295215,284
2026-04-19 15:34:57,BENIGN (Safe),94.0,NORMAL,296561,285
2026-04-19 15:34:57,BENIGN (Safe),92.0,NORMAL,296627,286
2026-04-19 15:34:57,BENIGN (Safe),94.0,NORMAL,297973,287
2026-04-19 15:34:57,BENIGN (Safe),94.0,NORMAL,299319,288
2026-04-19 15:34:57,BENIGN (Safe),94.0,NORMAL,300665,289
2026-04-19 15:34:57,BENIGN (Safe),92.0,NORMAL,300731,290
2026-04-19 15:34:57,BENIGN (Safe),94.0,NORMAL,302077,291
2026-04-19 15:34:58,BENIGN (Safe),94.0,NORMAL,303423,292
2026-04-19 15:34:58,BENIGN (Safe),94.0,NORMAL,304769,293
2026-04-19 15:34:58,BENIGN (Safe),94.0,NORMAL,306115,294
2026-04-19 15:34:58,BENIGN (Safe),92.0,NORMAL,306181,295
2026-04-19 15:34:58,BENIGN (Safe),94.0,NORMAL,307527,296
2026-04-19 15:34:58,BENIGN (Safe),94.0,NORMAL,308873,297
2026-04-19 15:34:58,BENIGN (Safe),94.0,NORMAL,310219,298
2026-04-19 15:34:58,BENIGN (Safe),94.0,NORMAL,311565,299
2026-04-19 15:34:58,BENIGN (Safe),92.0,NORMAL,311631,300
2026-04-19 15:34:58,BENIGN (Safe),94.0,NORMAL,314257,301
2026-04-19 15:34:58,BENIGN (Safe),92.0,NORMAL,314323,302
2026-04-19 15:34:58,BENIGN (Safe),94.0,NORMAL,318229,303
2026-04-19 15:34:58,BENIGN (Safe),92.0,NORMAL,318295,304
2026-04-19 15:34:58,BENIGN (Safe),94.0,NORMAL,319641,305
2026-04-19 15:34:58,BENIGN (Safe),94.0,NORMAL,320987,306
2026-04-19 15:34:58,BENIGN (Safe),92.0,NORMAL,321053,307
2026-04-19 15:34:58,BENIGN (Safe),94.0,NORMAL,322399,308
2026-04-19 15:34:58,BENIGN (Safe),94.0,NORMAL,323745,309
2026-04-19 15:34:58,BENIGN (Safe),92.0,NORMAL,323811,310
2026-04-19 15:34:59,BENIGN (Safe),94.0,NORMAL,323866,311
2026-04-19 15:34:59,BENIGN (Safe),94.0,NORMAL,323921,312
2026-04-19 15:34:59,BENIGN (Safe),94.0,NORMAL,325267,313
2026-04-19 15:34:59,BENIGN (Safe),94.0,NORMAL,326613,314
2026-04-19 15:34:59,BENIGN (Safe),92.0,NORMAL,326679,315
2026-04-19 15:34:59,BENIGN (Safe),94.0,NORMAL,328025,316
2026-04-19 15:34:59,BENIGN (Safe),92.0,NORMAL,328091,317
2026-04-19 15:34:59,BENIGN (Safe),94.0,NORMAL,331997,318
2026-04-19 15:34:59,BENIGN (Safe),92.0,NORMAL,332063,319
2026-04-19 15:34:59,BENIGN (Safe),96.0,NORMAL,332129,320
2026-04-19 15:34:59,BENIGN (Safe),94.0,NORMAL,333475,321
2026-04-19 15:34:59,BENIGN (Safe),96.0,NORMAL,333541,322
2026-04-19 15:34:59,BENIGN (Safe),92.0,NORMAL,333607,323
2026-04-19 15:34:59,BENIGN (Safe),94.0,NORMAL,334953,324
2026-04-19 15:34:59,BENIGN (Safe),94.0,NORMAL,336299,325
2026-04-19 15:34:59,BENIGN (Safe),94.0,NORMAL,340205,326
2026-04-19 15:34:59,BENIGN (Safe),94.0,NORMAL,341551,327
2026-04-19 15:34:59,BENIGN (Safe),92.0,NORMAL,341629,328
2026-04-19 15:34:59,BENIGN (Safe),92.0,NORMAL,341695,329
2026-04-19 15:35:00,BENIGN (Safe),94.0,NORMAL,343041,330
2026-04-19 15:35:00,BENIGN (Safe),94.0,NORMAL,344387,331
2026-04-19 15:35:00,BENIGN (Safe),92.0,NORMAL,344453,332
2026-04-19 15:35:00,BENIGN (Safe),94.0,NORMAL,345799,333
2026-04-19 15:35:00,BENIGN (Safe),94.0,NORMAL,345865,334
2026-04-19 15:35:00,BENIGN (Safe),94.0,NORMAL,347211,335
2026-04-19 15:35:00,BENIGN (Safe),94.0,NORMAL,348557,336
2026-04-19 15:35:00,BENIGN (Safe),92.0,NORMAL,348623,337
2026-04-19 15:35:00,BENIGN (Safe),94.0,NORMAL,349969,338
2026-04-19 15:35:00,BENIGN (Safe),94.0,NORMAL,351315,339
2026-04-19 15:35:00,BENIGN (Safe),94.0,NORMAL,352661,340
2026-04-19 15:35:00,BENIGN (Safe),92.0,NORMAL,352727,341
2026-04-19 15:35:00,BENIGN (Safe),94.0,NORMAL,354073,342
2026-04-19 15:35:00,BENIGN (Safe),94.0,NORMAL,355419,343
2026-04-19 15:35:00,BENIGN (Safe),92.0,NORMAL,355485,344
2026-04-19 15:35:00,BENIGN (Safe),94.0,NORMAL,358111,345
2026-04-19 15:35:00,BENIGN (Safe),92.0,NORMAL,358177,346
2026-04-19 15:35:01,BENIGN (Safe),94.0,NORMAL,360803,347
2026-04-19 15:35:01,BENIGN (Safe),92.0,NORMAL,360869,348
2026-04-19 15:35:01,BENIGN (Safe),94.0,NORMAL,360924,349
2026-04-19 15:35:01,BENIGN (Safe),94.0,NORMAL,362270,350
2026-04-19 15:35:01,BENIGN (Safe),94.0,NORMAL,363616,351
2026-04-19 15:35:01,BENIGN (Safe),92.0,NORMAL,363682,352
2026-04-19 15:35:01,BENIGN (Safe),96.0,NORMAL,363748,353
2026-04-19 15:35:01,BENIGN (Safe),94.0,NORMAL,365094,354
2026-04-19 15:35:01,BENIGN (Safe),94.0,NORMAL,366440,355
2026-04-19 15:35:01,BENIGN (Safe),92.0,NORMAL,366506,356
2026-04-19 15:35:02,BENIGN (Safe),94.0,NORMAL,367852,357
2026-04-19 15:35:02,BENIGN (Safe),94.0,NORMAL,369198,358
2026-04-19 15:35:02,BENIGN (Safe),94.0,NORMAL,370544,359
2026-04-19 15:35:02,BENIGN (Safe),92.0,NORMAL,370610,360
2026-04-19 15:35:02,BENIGN (Safe),94.0,NORMAL,371956,361
2026-04-19 15:35:02,BENIGN (Safe),94.0,NORMAL,373302,362
2026-04-19 15:35:02,BENIGN (Safe),94.0,NORMAL,374648,363
2026-04-19 15:35:02,BENIGN (Safe),94.0,NORMAL,375994,364
2026-04-19 15:35:02,BENIGN (Safe),92.0,NORMAL,376060,365
2026-04-19 15:35:02,BENIGN (Safe),94.0,NORMAL,377406,366
2026-04-19 15:35:02,BENIGN (Safe),94.0,NORMAL,378752,367
2026-04-19 15:35:02,BENIGN (Safe),94.0,NORMAL,380098,368
2026-04-19 15:35:02,BENIGN (Safe),92.0,NORMAL,380164,369
2026-04-19 15:35:02,BENIGN (Safe),94.0,NORMAL,381510,370
2026-04-19 15:35:02,BENIGN (Safe),94.0,NORMAL,382856,371
2026-04-19 15:35:02,BENIGN (Safe),94.0,NORMAL,384202,372
2026-04-19 15:35:02,BENIGN (Safe),92.0,NORMAL,384268,373
2026-04-19 15:35:02,BENIGN (Safe),94.0,NORMAL,384323,374
2026-04-19 15:35:03,BENIGN (Safe),94.0,NORMAL,385669,375
2026-04-19 15:35:03,BENIGN (Safe),94.0,NORMAL,389575,376
2026-04-19 15:35:03,BENIGN (Safe),92.0,NORMAL,389641,377
2026-04-19 15:35:03,BENIGN (Safe),96.0,NORMAL,389707,378
2026-04-19 15:35:03,BENIGN (Safe),94.0,NORMAL,390836,379
2026-04-19 15:35:03,BENIGN (Safe),92.0,NORMAL,390902,380
2026-04-19 15:35:03,BENIGN (Safe),92.0,NORMAL,390968,381
2026-04-19 15:35:03,BENIGN (Safe),94.0,NORMAL,391023,382
2026-04-19 15:35:03,BENIGN (Safe),94.0,NORMAL,391089,383
2026-04-19 15:35:03,BENIGN (Safe),96.0,NORMAL,391155,384
2026-04-19 15:35:03,BENIGN (Safe),96.0,NORMAL,391209,385
2026-04-19 15:35:04,BENIGN (Safe),96.0,NORMAL,391287,386
2026-04-19 15:35:04,BENIGN (Safe),96.0,NORMAL,391341,387
2026-04-19 15:35:04,BENIGN (Safe),92.0,NORMAL,391395,388
2026-04-19 15:35:04,BENIGN (Safe),96.0,NORMAL,391461,389
2026-04-19 15:35:04,BENIGN (Safe),94.0,NORMAL,391515,390
2026-04-19 15:35:04,BENIGN (Safe),94.0,NORMAL,391784,391
2026-04-19 15:35:04,BENIGN (Safe),96.0,NORMAL,391858,392
2026-04-19 15:35:04,BENIGN (Safe),96.0,NORMAL,391932,393
2026-04-19 15:35:04,BENIGN (Safe),92.0,NORMAL,391998,394
2026-04-19 15:35:04,BENIGN (Safe),92.0,NORMAL,392533,395
2026-04-19 15:35:04,BENIGN (Safe),92.0,NORMAL,393068,396
2026-04-19 15:35:04,BENIGN (Safe),96.0,NORMAL,393122,397
2026-04-19 15:35:04,BENIGN (Safe),96.0,NORMAL,394576,398
2026-04-19 15:35:04,BENIGN (Safe),96.0,NORMAL,395662,399
2026-04-19 15:35:04,BENIGN (Safe),94.0,NORMAL,395716,400
2026-04-19 15:35:04,BENIGN (Safe),94.0,NORMAL,395928,401
2026-04-19 15:35:05,BENIGN (Safe),94.0,NORMAL,395994,402
2026-04-19 15:35:05,BENIGN (Safe),94.0,NORMAL,397340,403
2026-04-19 15:35:05,BENIGN (Safe),94.0,NORMAL,398686,404
2026-04-19 15:35:05,BENIGN (Safe),92.0,NORMAL,398752,405
2026-04-19 15:35:05,BENIGN (Safe),94.0,NORMAL,400098,406
2026-04-19 15:35:05,BENIGN (Safe),92.0,NORMAL,400176,407
2026-04-19 15:35:05,BENIGN (Safe),94.0,NORMAL,400254,408
2026-04-19 15:35:05,BENIGN (Safe),96.0,NORMAL,401708,409
2026-04-19 15:35:05,BENIGN (Safe),94.0,NORMAL,401774,410
2026-04-19 15:35:05,BENIGN (Safe),94.0,NORMAL,406960,411
2026-04-19 15:35:05,BENIGN (Safe),92.0,NORMAL,407026,412
2026-04-19 15:35:05,BENIGN (Safe),96.0,NORMAL,407131,413
2026-04-19 15:35:05,BENIGN (Safe),96.0,NORMAL,407254,414
2026-04-19 15:35:05,BENIGN (Safe),94.0,NORMAL,407308,415
2026-04-19 15:35:05,BENIGN (Safe),94.0,NORMAL,407449,416
2026-04-19 15:35:05,BENIGN (Safe),94.0,NORMAL,407676,417
2026-04-19 15:35:05,BENIGN (Safe),94.0,NORMAL,407768,418
2026-04-19 15:35:05,BENIGN (Safe),94.0,NORMAL,409114,419
2026-04-19 15:35:05,BENIGN (Safe),94.0,NORMAL,410460,420
2026-04-19 15:35:06,BENIGN (Safe),92.0,NORMAL,410526,421
2026-04-19 15:35:06,BENIGN (Safe),94.0,NORMAL,411872,422
2026-04-19 15:35:06,BENIGN (Safe),94.0,NORMAL,413218,423
2026-04-19 15:35:06,BENIGN (Safe),94.0,NORMAL,414564,424
2026-04-19 15:35:06,BENIGN (Safe),94.0,NORMAL,415910,425
2026-04-19 15:35:06,BENIGN (Safe),94.0,NORMAL,417256,426
2026-04-19 15:35:06,BENIGN (Safe),94.0,NORMAL,418602,427
2026-04-19 15:35:06,BENIGN (Safe),92.0,NORMAL,418668,428
2026-04-19 15:35:06,BENIGN (Safe),94.0,NORMAL,420014,429
2026-04-19 15:35:06,BENIGN (Safe),94.0,NORMAL,421360,430
2026-04-19 15:35:06,BENIGN (Safe),94.0,NORMAL,422706,431
2026-04-19 15:35:06,BENIGN (Safe),94.0,NORMAL,424052,432
2026-04-19 15:35:06,BENIGN (Safe),92.0,NORMAL,424118,433
2026-04-19 15:35:06,BENIGN (Safe),94.0,NORMAL,425464,434
2026-04-19 15:35:06,BENIGN (Safe),94.0,NORMAL,426810,435
2026-04-19 15:35:06,BENIGN (Safe),94.0,NORMAL,428156,436
2026-04-19 15:35:06,BENIGN (Safe),94.0,NORMAL,429502,437
2026-04-19 15:35:06,BENIGN (Safe),92.0,NORMAL,429568,438
2026-04-19 15:35:06,BENIGN (Safe),94.0,NORMAL,430914,439
2026-04-19 15:35:06,BENIGN (Safe),94.0,NORMAL,433540,440
2026-04-19 15:35:06,BENIGN (Safe),90.0,NORMAL,433606,441
2026-04-19 15:35:07,BENIGN (Safe),94.0,NORMAL,434952,442
2026-04-19 15:35:07,BENIGN (Safe),90.0,NORMAL,435018,443
2026-04-19 15:35:07,BENIGN (Safe),94.0,NORMAL,438924,444
2026-04-19 15:35:07,BENIGN (Safe),94.0,NORMAL,440270,445
2026-04-19 15:35:07,BENIGN (Safe),90.0,NORMAL,440336,446
2026-04-19 15:35:07,BENIGN (Safe),96.0,NORMAL,440390,447
2026-04-19 15:35:07,BENIGN (Safe),96.0,NORMAL,440482,448
2026-04-19 15:35:07,BENIGN (Safe),96.0,NORMAL,441133,449
2026-04-19 15:35:07,BENIGN (Safe),94.0,NORMAL,441187,450
2026-04-19 15:35:07,BENIGN (Safe),94.0,NORMAL,441241,451
2026-04-19 15:35:07,BENIGN (Safe),96.0,NORMAL,441307,452
2026-04-19 15:35:07,BENIGN (Safe),94.0,NORMAL,443933,453
2026-04-19 15:35:07,BENIGN (Safe),90.0,NORMAL,443999,454
2026-04-19 15:35:07,BENIGN (Safe),94.0,NORMAL,445345,455
2026-04-19 15:35:07,BENIGN (Safe),94.0,NORMAL,446691,456
2026-04-19 15:35:07,BENIGN (Safe),94.0,NORMAL,448037,457
2026-04-19 15:35:07,BENIGN (Safe),94.0,NORMAL,449383,458
2026-04-19 15:35:07,BENIGN (Safe),94.0,NORMAL,462249,459
2026-04-19 15:35:07,BENIGN (Safe),90.0,NORMAL,462315,460
2026-04-19 15:35:07,BENIGN (Safe),94.0,NORMAL,463661,461
2026-04-19 15:35:07,BENIGN (Safe),94.0,NORMAL,465007,462
2026-04-19 15:35:08,BENIGN (Safe),94.0,NORMAL,466353,463
2026-04-19 15:35:08,BENIGN (Safe),94.0,NORMAL,467699,464
2026-04-19 15:35:08,BENIGN (Safe),94.0,NORMAL,471605,465
2026-04-19 15:35:08,BENIGN (Safe),94.0,NORMAL,472951,466
2026-04-19 15:35:08,BENIGN (Safe),94.0,NORMAL,474297,467
2026-04-19 15:35:08,BENIGN (Safe),94.0,NORMAL,475643,468
2026-04-19 15:35:08,BENIGN (Safe),94.0,NORMAL,483389,469
2026-04-19 15:35:08,BENIGN (Safe),96.0,NORMAL,483455,470
2026-04-19 15:35:08,BENIGN (Safe),94.0,NORMAL,484801,471
2026-04-19 15:35:08,BENIGN (Safe),94.0,NORMAL,486147,472
2026-04-19 15:35:08,BENIGN (Safe),96.0,NORMAL,486213,473
2026-04-19 15:35:08,BENIGN (Safe),94.0,NORMAL,487559,474
2026-04-19 15:35:08,BENIGN (Safe),94.0,NORMAL,488905,475
2026-04-19 15:35:08,BENIGN (Safe),94.0,NORMAL,490251,476
2026-04-19 15:35:08,BENIGN (Safe),94.0,NORMAL,491597,477
2026-04-19 15:35:08,BENIGN (Safe),96.0,NORMAL,491663,478
2026-04-19 15:35:08,BENIGN (Safe),94.0,NORMAL,493009,479
2026-04-19 15:35:08,BENIGN (Safe),94.0,NORMAL,494355,480
2026-04-19 15:35:08,BENIGN (Safe),96.0,NORMAL,494421,481
2026-04-19 15:35:08,BENIGN (Safe),94.0,NORMAL,497047,482
2026-04-19 15:35:08,BENIGN (Safe),96.0,NORMAL,497113,483
2026-04-19 15:35:08,BENIGN (Safe),94.0,NORMAL,501019,484
2026-04-19 15:35:08,BENIGN (Safe),96.0,NORMAL,501085,485
2026-04-19 15:35:09,BENIGN (Safe),94.0,NORMAL,510111,486
2026-04-19 15:35:09,BENIGN (Safe),96.0,NORMAL,510177,487
2026-04-19 15:35:09,BENIGN (Safe),94.0,NORMAL,511523,488
2026-04-19 15:35:09,BENIGN (Safe),94.0,NORMAL,512869,489
2026-04-19 15:35:09,BENIGN (Safe),94.0,NORMAL,514215,490
2026-04-19 15:35:09,BENIGN (Safe),94.0,NORMAL,515561,491
2026-04-19 15:35:09,BENIGN (Safe),94.0,NORMAL,516907,492
2026-04-19 15:35:09,BENIGN (Safe),96.0,NORMAL,516973,493
2026-04-19 15:35:09,BENIGN (Safe),94.0,NORMAL,518319,494
2026-04-19 15:35:09,BENIGN (Safe),94.0,NORMAL,519665,495
2026-04-19 15:35:09,BENIGN (Safe),96.0,NORMAL,519731,496
2026-04-19 15:35:09,BENIGN (Safe),94.0,NORMAL,521077,497
2026-04-19 15:35:09,BENIGN (Safe),96.0,NORMAL,521143,498
2026-04-19 15:35:09,BENIGN (Safe),94.0,NORMAL,522489,499
2026-04-19 15:35:09,BENIGN (Safe),94.0,NORMAL,523835,500
2026-04-19 15:35:09,BENIGN (Safe),96.0,NORMAL,523901,501
2026-04-19 15:35:09,BENIGN (Safe),96.0,NORMAL,523967,502
2026-04-19 15:35:09,BENIGN (Safe),94.0,NORMAL,524021,503
2026-04-19 15:35:09,BENIGN (Safe),94.0,NORMAL,524292,504
2026-04-19 15:35:09,BENIGN (Safe),94.0,NORMAL,524346,505
2026-04-19 15:35:09,BENIGN (Safe),94.0,NORMAL,525692,506
2026-04-19 15:35:09,BENIGN (Safe),94.0,NORMAL,527038,507
2026-04-19 15:35:10,BENIGN (Safe),96.0,NORMAL,527092,508
2026-04-19 15:35:10,BENIGN (Safe),94.0,NORMAL,527146,509
2026-04-19 15:35:10,BENIGN (Safe),96.0,NORMAL,527212,510
2026-04-19 15:35:10,BENIGN (Safe),94.0,NORMAL,528558,511
2026-04-19 15:35:10,BENIGN (Safe),96.0,NORMAL,528636,512
2026-04-19 15:35:10,BENIGN (Safe),94.0,NORMAL,531262,513
2026-04-19 15:35:10,BENIGN (Safe),96.0,NORMAL,531340,514
2026-04-19 15:35:10,BENIGN (Safe),94.0,NORMAL,540366,515
2026-04-19 15:35:10,BENIGN (Safe),96.0,NORMAL,540444,516
2026-04-19 15:35:10,BENIGN (Safe),94.0,NORMAL,541790,517
2026-04-19 15:35:10,BENIGN (Safe),94.0,NORMAL,543136,518
2026-04-19 15:35:10,BENIGN (Safe),94.0,NORMAL,544482,519
2026-04-19 15:35:10,BENIGN (Safe),96.0,NORMAL,544560,520
2026-04-19 15:35:10,BENIGN (Safe),96.0,NORMAL,544638,521
2026-04-19 15:35:10,BENIGN (Safe),96.0,NORMAL,544716,522
2026-04-19 15:35:10,BENIGN (Safe),94.0,NORMAL,546062,523
2026-04-19 15:35:10,BENIGN (Safe),96.0,NORMAL,546140,524
2026-04-19 15:35:10,BENIGN (Safe),94.0,NORMAL,547486,525
2026-04-19 15:35:10,BENIGN (Safe),96.0,NORMAL,547564,526
2026-04-19 15:35:10,BENIGN (Safe),94.0,NORMAL,550190,527
2026-04-19 15:35:10,BENIGN (Safe),96.0,NORMAL,550268,528
2026-04-19 15:35:10,BENIGN (Safe),96.0,NORMAL,550334,529
2026-04-19 15:35:11,BENIGN (Safe),94.0,NORMAL,551680,530
2026-04-19 15:35:11,BENIGN (Safe),96.0,NORMAL,551758,531
2026-04-19 15:35:11,BENIGN (Safe),96.0,NORMAL,551812,532
2026-04-19 15:35:11,BENIGN (Safe),96.0,NORMAL,553266,533
2026-04-19 15:35:11,BENIGN (Safe),96.0,NORMAL,554720,534
2026-04-19 15:35:11,BENIGN (Safe),94.0,NORMAL,554774,535
2026-04-19 15:35:11,BENIGN (Safe),96.0,NORMAL,556124,536
2026-04-19 15:35:11,BENIGN (Safe),96.0,NORMAL,557578,537
2026-04-19 15:35:11,BENIGN (Safe),94.0,NORMAL,557632,538
2026-04-19 15:35:11,BENIGN (Safe),96.0,NORMAL,557686,539
2026-04-19 15:35:11,BENIGN (Safe),92.0,NORMAL,557740,540
2026-04-19 15:35:11,BENIGN (Safe),94.0,NORMAL,559086,541
2026-04-19 15:35:11,BENIGN (Safe),94.0,NORMAL,560432,542
2026-04-19 15:35:11,BENIGN (Safe),96.0,NORMAL,560486,543
2026-04-19 15:35:11,BENIGN (Safe),94.0,NORMAL,561832,544
2026-04-19 15:35:11,BENIGN (Safe),96.0,NORMAL,561910,545
2026-04-19 15:35:11,BENIGN (Safe),96.0,NORMAL,561988,546
2026-04-19 15:35:11,BENIGN (Safe),96.0,NORMAL,562066,547
2026-04-19 15:35:11,BENIGN (Safe),94.0,NORMAL,563412,548
2026-04-19 15:35:11,BENIGN (Safe),94.0,NORMAL,564758,549
2026-04-19 15:35:12,BENIGN (Safe),94.0,NORMAL,566104,550
2026-04-19 15:35:12,BENIGN (Safe),96.0,NORMAL,566182,551
2026-04-19 15:35:12,BENIGN (Safe),96.0,NORMAL,566260,552
2026-04-19 15:35:12,BENIGN (Safe),96.0,NORMAL,566338,553
2026-04-19 15:35:12,BENIGN (Safe),94.0,NORMAL,568964,554
2026-04-19 15:35:12,BENIGN (Safe),96.0,NORMAL,569042,555
2026-04-19 15:35:12,BENIGN (Safe),94.0,NORMAL,570388,556
2026-04-19 15:35:12,BENIGN (Safe),94.0,NORMAL,571734,557
2026-04-19 15:35:12,BENIGN (Safe),96.0,NORMAL,571812,558
2026-04-19 15:35:12,BENIGN (Safe),96.0,NORMAL,571890,559
2026-04-19 15:35:12,BENIGN (Safe),94.0,NORMAL,574516,560
2026-04-19 15:35:12,BENIGN (Safe),96.0,NORMAL,574594,561
2026-04-19 15:35:12,BENIGN (Safe),94.0,NORMAL,575940,562
2026-04-19 15:35:12,BENIGN (Safe),96.0,NORMAL,576018,563
2026-04-19 15:35:12,BENIGN (Safe),96.0,NORMAL,577472,564
2026-04-19 15:35:12,BENIGN (Safe),96.0,NORMAL,578774,565
2026-04-19 15:35:12,BENIGN (Safe),96.0,NORMAL,578840,566
2026-04-19 15:35:12,BENIGN (Safe),94.0,NORMAL,578894,567
2026-04-19 15:35:12,BENIGN (Safe),94.0,NORMAL,578948,568
2026-04-19 15:35:12,BENIGN (Safe),94.0,NORMAL,579222,569
2026-04-19 15:35:13,BENIGN (Safe),94.0,NORMAL,579402,570
2026-04-19 15:35:13,BENIGN (Safe),94.0,NORMAL,580387,571
2026-04-19 15:35:13,BENIGN (Safe),94.0,NORMAL,581733,572
2026-04-19 15:35:13,BENIGN (Safe),96.0,NORMAL,582293,573
2026-04-19 15:35:13,BENIGN (Safe),96.0,NORMAL,582359,574
2026-04-19 15:35:13,BENIGN (Safe),92.0,NORMAL,582437,575
2026-04-19 15:35:13,BENIGN (Safe),94.0,NORMAL,582491,576
2026-04-19 15:35:13,BENIGN (Safe),94.0,NORMAL,583837,577
2026-04-19 15:35:13,BENIGN (Safe),92.0,NORMAL,583915,578
2026-04-19 15:35:13,BENIGN (Safe),94.0,NORMAL,585261,579
2026-04-19 15:35:13,BENIGN (Safe),94.0,NORMAL,586607,580
2026-04-19 15:35:13,BENIGN (Safe),92.0,NORMAL,586673,581
2026-04-19 15:35:13,BENIGN (Safe),96.0,NORMAL,586739,582
2026-04-19 15:35:13,BENIGN (Safe),94.0,NORMAL,586793,583
2026-04-19 15:35:13,BENIGN (Safe),94.0,NORMAL,587066,584
2026-04-19 15:35:13,BENIGN (Safe),92.0,NORMAL,587132,585
2026-04-19 15:35:13,BENIGN (Safe),94.0,NORMAL,588478,586
2026-04-19 15:35:13,BENIGN (Safe),94.0,NORMAL,589824,587
2026-04-19 15:35:14,BENIGN (Safe),94.0,NORMAL,591170,588
2026-04-19 15:35:14,BENIGN (Safe),94.0,NORMAL,592516,589
2026-04-19 15:35:14,BENIGN (Safe),92.0,NORMAL,592582,590
2026-04-19 15:35:14,BENIGN (Safe),94.0,NORMAL,593928,591
2026-04-19 15:35:14,BENIGN (Safe),94.0,NORMAL,595274,592
2026-04-19 15:35:14,BENIGN (Safe),94.0,NORMAL,596620,593
2026-04-19 15:35:14,BENIGN (Safe),92.0,NORMAL,596686,594
2026-04-19 15:35:14,BENIGN (Safe),94.0,NORMAL,598032,595
2026-04-19 15:35:14,BENIGN (Safe),94.0,NORMAL,599378,596
2026-04-19 15:35:14,BENIGN (Safe),92.0,NORMAL,599444,597
2026-04-19 15:35:14,BENIGN (Safe),94.0,NORMAL,603350,598
2026-04-19 15:35:14,BENIGN (Safe),92.0,NORMAL,603416,599
2026-04-19 15:35:14,BENIGN (Safe),94.0,NORMAL,604762,600
2026-04-19 15:35:14,BENIGN (Safe),94.0,NORMAL,606108,601
2026-04-19 15:35:14,BENIGN (Safe),92.0,NORMAL,606174,602
2026-04-19 15:35:14,BENIGN (Safe),94.0,NORMAL,607520,603
2026-04-19 15:35:14,BENIGN (Safe),94.0,NORMAL,608866,604
2026-04-19 15:35:14,BENIGN (Safe),94.0,NORMAL,610212,605
2026-04-19 15:35:14,BENIGN (Safe),92.0,NORMAL,610278,606
2026-04-19 15:35:15,BENIGN (Safe),94.0,NORMAL,612904,607
2026-04-19 15:35:15,BENIGN (Safe),92.0,NORMAL,612970,608
2026-04-19 15:35:15,BENIGN (Safe),94.0,NORMAL,616876,609
2026-04-19 15:35:15,BENIGN (Safe),92.0,NORMAL,616942,610
2026-04-19 15:35:15,BENIGN (Safe),94.0,NORMAL,618288,611
2026-04-19 15:35:15,BENIGN (Safe),92.0,NORMAL,618354,612
2026-04-19 15:35:15,BENIGN (Safe),94.0,NORMAL,619700,613
2026-04-19 15:35:15,BENIGN (Safe),94.0,NORMAL,621046,614
2026-04-19 15:35:15,BENIGN (Safe),92.0,NORMAL,621112,615
2026-04-19 15:35:15,BENIGN (Safe),94.0,NORMAL,622458,616
2026-04-19 15:35:15,BENIGN (Safe),94.0,NORMAL,626364,617
2026-04-19 15:35:15,BENIGN (Safe),94.0,NORMAL,627710,618
2026-04-19 15:35:15,BENIGN (Safe),92.0,NORMAL,627776,619
2026-04-19 15:35:15,BENIGN (Safe),94.0,NORMAL,629122,620
2026-04-19 15:35:15,BENIGN (Safe),92.0,NORMAL,629200,621
2026-04-19 15:35:15,BENIGN (Safe),94.0,NORMAL,630546,622
2026-04-19 15:35:15,BENIGN (Safe),92.0,NORMAL,630624,623
2026-04-19 15:35:15,BENIGN (Safe),94.0,NORMAL,631970,624
2026-04-19 15:35:15,BENIGN (Safe),94.0,NORMAL,633316,625
2026-04-19 15:35:15,BENIGN (Safe),92.0,NORMAL,633394,626
2026-04-19 15:35:16,BENIGN (Safe),92.0,NORMAL,633472,627
2026-04-19 15:35:16,BENIGN (Safe),94.0,NORMAL,636098,628
2026-04-19 15:35:16,BENIGN (Safe),92.0,NORMAL,636176,629
2026-04-19 15:35:16,BENIGN (Safe),94.0,NORMAL,637522,630
2026-04-19 15:35:16,BENIGN (Safe),94.0,NORMAL,638868,631
2026-04-19 15:35:16,BENIGN (Safe),92.0,NORMAL,638946,632
2026-04-19 15:35:16,BENIGN (Safe),92.0,NORMAL,639012,633
2026-04-19 15:35:16,BENIGN (Safe),94.0,NORMAL,641638,634
2026-04-19 15:35:16,BENIGN (Safe),92.0,NORMAL,641704,635
2026-04-19 15:35:16,BENIGN (Safe),94.0,NORMAL,643050,636
2026-04-19 15:35:16,BENIGN (Safe),94.0,NORMAL,644396,637
2026-04-19 15:35:16,BENIGN (Safe),92.0,NORMAL,644462,638
2026-04-19 15:35:16,BENIGN (Safe),94.0,NORMAL,645808,639
2026-04-19 15:35:16,BENIGN (Safe),94.0,NORMAL,647154,640
2026-04-19 15:35:16,BENIGN (Safe),94.0,NORMAL,648500,641
2026-04-19 15:35:16,BENIGN (Safe),92.0,NORMAL,648566,642
2026-04-19 15:35:16,BENIGN (Safe),94.0,NORMAL,649912,643
2026-04-19 15:35:16,BENIGN (Safe),94.0,NORMAL,651258,644
2026-04-19 15:35:16,BENIGN (Safe),94.0,NORMAL,652604,645
2026-04-19 15:35:16,BENIGN (Safe),94.0,NORMAL,653950,646
2026-04-19 15:35:17,BENIGN (Safe),92.0,NORMAL,654016,647
2026-04-19 15:35:17,BENIGN (Safe),94.0,NORMAL,660482,648
2026-04-19 15:35:17,BENIGN (Safe),92.0,NORMAL,660548,649
2026-04-19 15:35:17,BENIGN (Safe),94.0,NORMAL,667014,650
2026-04-19 15:35:17,BENIGN (Safe),92.0,NORMAL,667080,651
2026-04-19 15:35:17,BENIGN (Safe),94.0,NORMAL,668426,652
2026-04-19 15:35:17,BENIGN (Safe),94.0,NORMAL,669772,653
2026-04-19 15:35:17,BENIGN (Safe),94.0,NORMAL,671118,654
2026-04-19 15:35:17,BENIGN (Safe),94.0,NORMAL,672464,655
2026-04-19 15:35:17,BENIGN (Safe),94.0,NORMAL,673810,656
2026-04-19 15:35:17,BENIGN (Safe),92.0,NORMAL,673876,657
2026-04-19 15:35:17,BENIGN (Safe),94.0,NORMAL,675222,658
2026-04-19 15:35:17,BENIGN (Safe),92.0,NORMAL,675300,659
2026-04-19 15:35:17,BENIGN (Safe),94.0,NORMAL,676646,660
2026-04-19 15:35:17,BENIGN (Safe),94.0,NORMAL,677992,661
2026-04-19 15:35:17,BENIGN (Safe),94.0,NORMAL,679338,662
2026-04-19 15:35:17,BENIGN (Safe),94.0,NORMAL,680684,663
2026-04-19 15:35:17,BENIGN (Safe),94.0,NORMAL,682030,664
2026-04-19 15:35:18,BENIGN (Safe),92.0,NORMAL,682096,665
2026-04-19 15:35:18,BENIGN (Safe),94.0,NORMAL,683442,666
2026-04-19 15:35:18,BENIGN (Safe),92.0,NORMAL,683508,667
2026-04-19 15:35:18,BENIGN (Safe),94.0,NORMAL,684854,668
2026-04-19 15:35:18,BENIGN (Safe),94.0,NORMAL,686200,669
2026-04-19 15:35:18,BENIGN (Safe),92.0,NORMAL,686266,670
2026-04-19 15:35:18,BENIGN (Safe),94.0,NORMAL,687612,671
2026-04-19 15:35:18,BENIGN (Safe),94.0,NORMAL,688958,672
2026-04-19 15:35:18,BENIGN (Safe),92.0,NORMAL,689024,673
2026-04-19 15:35:18,BENIGN (Safe),94.0,NORMAL,691650,674
2026-04-19 15:35:18,BENIGN (Safe),92.0,NORMAL,691716,675
2026-04-19 15:35:18,BENIGN (Safe),94.0,NORMAL,693062,676
2026-04-19 15:35:18,BENIGN (Safe),92.0,NORMAL,693128,677
2026-04-19 15:35:18,BENIGN (Safe),94.0,NORMAL,697034,678
2026-04-19 15:35:18,BENIGN (Safe),92.0,NORMAL,697100,679
2026-04-19 15:35:18,BENIGN (Safe),94.0,NORMAL,698446,680
2026-04-19 15:35:18,BENIGN (Safe),94.0,NORMAL,699792,681
2026-04-19 15:35:18,BENIGN (Safe),94.0,NORMAL,701138,682
2026-04-19 15:35:18,BENIGN (Safe),94.0,NORMAL,702484,683
2026-04-19 15:35:18,BENIGN (Safe),92.0,NORMAL,702550,684
2026-04-19 15:35:18,BENIGN (Safe),94.0,NORMAL,703896,685
2026-04-19 15:35:19,BENIGN (Safe),92.0,NORMAL,703974,686
2026-04-19 15:35:19,BENIGN (Safe),94.0,NORMAL,704029,687
2026-04-19 15:35:19,BENIGN (Safe),94.0,NORMAL,705375,688
2026-04-19 15:35:19,BENIGN (Safe),92.0,NORMAL,705461,689
2026-04-19 15:35:19,BENIGN (Safe),94.0,NORMAL,706807,690
2026-04-19 15:35:19,BENIGN (Safe),92.0,NORMAL,706885,691
2026-04-19 15:35:19,BENIGN (Safe),94.0,NORMAL,708231,692
2026-04-19 15:35:19,BENIGN (Safe),92.0,NORMAL,708297,693
2026-04-19 15:35:19,BENIGN (Safe),96.0,NORMAL,708363,694
2026-04-19 15:35:19,BENIGN (Safe),94.0,NORMAL,709492,695
2026-04-19 15:35:19,BENIGN (Safe),94.0,NORMAL,710838,696
2026-04-19 15:35:19,BENIGN (Safe),92.0,NORMAL,710904,697
2026-04-19 15:35:19,BENIGN (Safe),94.0,NORMAL,713530,698
2026-04-19 15:35:19,BENIGN (Safe),92.0,NORMAL,713596,699
2026-04-19 15:35:19,Unknown Exploit,96.0,ALERT,77899,700
2026-04-19 15:35:19,BENIGN (Safe),94.0,NORMAL,716222,700
2026-04-19 15:35:19,BENIGN (Safe),92.0,NORMAL,716288,701
2026-04-19 15:35:20,BENIGN (Safe),94.0,NORMAL,718914,702
2026-04-19 15:35:20,BENIGN (Safe),92.0,NORMAL,718980,703
2026-04-19 15:35:20,BENIGN (Safe),94.0,NORMAL,720326,704
2026-04-19 15:35:20,BENIGN (Safe),92.0,NORMAL,720404,705
2026-04-19 15:35:20,BENIGN (Safe),94.0,NORMAL,721750,706
2026-04-19 15:35:20,BENIGN (Safe),94.0,NORMAL,723096,707
2026-04-19 15:35:20,BENIGN (Safe),92.0,NORMAL,723162,708
2026-04-19 15:35:20,BENIGN (Safe),94.0,NORMAL,724508,709
2026-04-19 15:35:20,BENIGN (Safe),94.0,NORMAL,725854,710
2026-04-19 15:35:20,BENIGN (Safe),92.0,NORMAL,725920,711
2026-04-19 15:35:21,BENIGN (Safe),94.0,NORMAL,728546,712
2026-04-19 15:35:21,BENIGN (Safe),92.0,NORMAL,728612,713
2026-04-19 15:35:21,BENIGN (Safe),94.0,NORMAL,729958,714
2026-04-19 15:35:21,BENIGN (Safe),92.0,NORMAL,730024,715
2026-04-19 15:35:21,BENIGN (Safe),94.0,NORMAL,731370,716
2026-04-19 15:35:21,BENIGN (Safe),94.0,NORMAL,732716,717
2026-04-19 15:35:21,BENIGN (Safe),92.0,NORMAL,732782,718
2026-04-19 15:35:21,BENIGN (Safe),94.0,NORMAL,734128,719
2026-04-19 15:35:21,BENIGN (Safe),94.0,NORMAL,735474,720
2026-04-19 15:35:21,BENIGN (Safe),92.0,NORMAL,735540,721
2026-04-19 15:35:21,BENIGN (Safe),94.0,NORMAL,736886,722
2026-04-19 15:35:21,BENIGN (Safe),94.0,NORMAL,738232,723
2026-04-19 15:35:21,BENIGN (Safe),92.0,NORMAL,738298,724
2026-04-19 15:35:21,BENIGN (Safe),94.0,NORMAL,739644,725
2026-04-19 15:35:21,BENIGN (Safe),94.0,NORMAL,742270,726
2026-04-19 15:35:21,BENIGN (Safe),92.0,NORMAL,742336,727
2026-04-19 15:35:21,BENIGN (Safe),94.0,NORMAL,744962,728
2026-04-19 15:35:21,BENIGN (Safe),92.0,NORMAL,745028,729
2026-04-19 15:35:21,BENIGN (Safe),94.0,NORMAL,746374,730
2026-04-19 15:35:21,BENIGN (Safe),94.0,NORMAL,750280,731
2026-04-19 15:35:22,BENIGN (Safe),92.0,NORMAL,750346,732
2026-04-19 15:35:22,BENIGN (Safe),94.0,NORMAL,751692,733
2026-04-19 15:35:22,BENIGN (Safe),94.0,NORMAL,753038,734
2026-04-19 15:35:22,BENIGN (Safe),92.0,NORMAL,753104,735
2026-04-19 15:35:22,BENIGN (Safe),94.0,NORMAL,754450,736
2026-04-19 15:35:22,BENIGN (Safe),94.0,NORMAL,755796,737
2026-04-19 15:35:22,BENIGN (Safe),94.0,NORMAL,757142,738
2026-04-19 15:35:22,BENIGN (Safe),94.0,NORMAL,758488,739
2026-04-19 15:35:22,BENIGN (Safe),92.0,NORMAL,758554,740
2026-04-19 15:35:22,BENIGN (Safe),94.0,NORMAL,759900,741
2026-04-19 15:35:22,BENIGN (Safe),92.0,NORMAL,759966,742
2026-04-19 15:35:22,BENIGN (Safe),94.0,NORMAL,761312,743
2026-04-19 15:35:22,BENIGN (Safe),94.0,NORMAL,762658,744
2026-04-19 15:35:22,BENIGN (Safe),92.0,NORMAL,762724,745
2026-04-19 15:35:22,BENIGN (Safe),94.0,NORMAL,764070,746
2026-04-19 15:35:22,BENIGN (Safe),94.0,NORMAL,765416,747
2026-04-19 15:35:22,BENIGN (Safe),92.0,NORMAL,765482,748
2026-04-19 15:35:22,BENIGN (Safe),94.0,NORMAL,766828,749
2026-04-19 15:35:22,BENIGN (Safe),94.0,NORMAL,768174,750
2026-04-19 15:35:22,BENIGN (Safe),92.0,NORMAL,768240,751
2026-04-19 15:35:23,BENIGN (Safe),94.0,NORMAL,770866,752
2026-04-19 15:35:23,BENIGN (Safe),92.0,NORMAL,770944,753
2026-04-19 15:35:23,BENIGN (Safe),94.0,NORMAL,772290,754
2026-04-19 15:35:23,BENIGN (Safe),94.0,NORMAL,773636,755
2026-04-19 15:35:23,BENIGN (Safe),94.0,NORMAL,774982,756
2026-04-19 15:35:23,BENIGN (Safe),92.0,NORMAL,775060,757
2026-04-19 15:35:23,BENIGN (Safe),92.0,NORMAL,775138,758
2026-04-19 15:35:23,BENIGN (Safe),92.0,NORMAL,775216,759
2026-04-19 15:35:23,BENIGN (Safe),94.0,NORMAL,776562,760
2026-04-19 15:35:23,BENIGN (Safe),92.0,NORMAL,776640,761
2026-04-19 15:35:23,BENIGN (Safe),94.0,NORMAL,777986,762
2026-04-19 15:35:23,BENIGN (Safe),92.0,NORMAL,778052,763
2026-04-19 15:35:23,BENIGN (Safe),94.0,NORMAL,779398,764
2026-04-19 15:35:23,BENIGN (Safe),94.0,NORMAL,780744,765
2026-04-19 15:35:23,BENIGN (Safe),92.0,NORMAL,780810,766
2026-04-19 15:35:23,BENIGN (Safe),94.0,NORMAL,782156,767
2026-04-19 15:35:23,BENIGN (Safe),94.0,NORMAL,783502,768
2026-04-19 15:35:23,BENIGN (Safe),92.0,NORMAL,783568,769
2026-04-19 15:35:24,BENIGN (Safe),94.0,NORMAL,787474,770
2026-04-19 15:35:24,BENIGN (Safe),92.0,NORMAL,787540,771
2026-04-19 15:35:24,BENIGN (Safe),94.0,NORMAL,788886,772
2026-04-19 15:35:24,BENIGN (Safe),94.0,NORMAL,790232,773
2026-04-19 15:35:24,BENIGN (Safe),94.0,NORMAL,791578,774
2026-04-19 15:35:24,BENIGN (Safe),92.0,NORMAL,791644,775
2026-04-19 15:35:24,BENIGN (Safe),94.0,NORMAL,794270,776
2026-04-19 15:35:24,BENIGN (Safe),92.0,NORMAL,794336,777
2026-04-19 15:35:24,BENIGN (Safe),94.0,NORMAL,795682,778
2026-04-19 15:35:24,BENIGN (Safe),94.0,NORMAL,798308,779
2026-04-19 15:35:24,BENIGN (Safe),92.0,NORMAL,798374,780
2026-04-19 15:35:24,BENIGN (Safe),94.0,NORMAL,801000,781
2026-04-19 15:35:24,BENIGN (Safe),92.0,NORMAL,801066,782
2026-04-19 15:35:24,BENIGN (Safe),94.0,NORMAL,802412,783
2026-04-19 15:35:24,BENIGN (Safe),92.0,NORMAL,802478,784
2026-04-19 15:35:24,BENIGN (Safe),94.0,NORMAL,807664,785
2026-04-19 15:35:24,BENIGN (Safe),92.0,NORMAL,807730,786
2026-04-19 15:35:24,BENIGN (Safe),94.0,NORMAL,809076,787
2026-04-19 15:35:25,BENIGN (Safe),94.0,NORMAL,810422,788
2026-04-19 15:35:25,BENIGN (Safe),94.0,NORMAL,811768,789
2026-04-19 15:35:25,BENIGN (Safe),92.0,NORMAL,811834,790
2026-04-19 15:35:25,BENIGN (Safe),94.0,NORMAL,813180,791
2026-04-19 15:35:25,BENIGN (Safe),94.0,NORMAL,817086,792
2026-04-19 15:35:25,BENIGN (Safe),92.0,NORMAL,817152,793
2026-04-19 15:35:25,BENIGN (Safe),94.0,NORMAL,818498,794
2026-04-19 15:35:25,BENIGN (Safe),94.0,NORMAL,819844,795
2026-04-19 15:35:25,BENIGN (Safe),92.0,NORMAL,819910,796
2026-04-19 15:35:25,BENIGN (Safe),94.0,NORMAL,821256,797
2026-04-19 15:35:25,BENIGN (Safe),92.0,NORMAL,821322,798
2026-04-19 15:35:25,BENIGN (Safe),94.0,NORMAL,825228,799
2026-04-19 15:35:25,BENIGN (Safe),94.0,NORMAL,826574,800
2026-04-19 15:35:25,BENIGN (Safe),92.0,NORMAL,826640,801
2026-04-19 15:35:25,BENIGN (Safe),94.0,NORMAL,827986,802
2026-04-19 15:35:33,Unknown Exploit,96.0,ALERT,77899,803
2026-04-19 15:38:23,DDoS Flood,96.0,ALERT,5000,804
2026-04-19 15:39:07,BENIGN (Safe),96.0,NORMAL,50,805
2026-04-19 15:39:22,BENIGN (Safe),96.0,NORMAL,50,806
2026-04-19 15:39:26,BENIGN (Safe),96.0,NORMAL,50,807
2026-04-19 15:39:32,Unknown Exploit,96.0,ALERT,50,808
